"battery_power","clock_speed","dual_sim","int_memory","m_dep","mobile_wt","n_cores","pc","ram","talk_time","price_range","four_g","color"
842,2.2,0,7,0.6,188,2,2,2549,19,1,0,"black"
1021,0.5,1,53,0.7,136,3,6,2631,7,2,1,"white"
563,0.5,1,41,0.9,145,5,6,2603,9,2,1,"white"
615,2.5,0,10,0.8,131,6,9,2769,11,2,0,"gray"
1821,1.2,0,44,0.6,141,2,14,1411,15,1,1,"white"
1859,0.5,1,22,0.7,164,1,7,1067,10,1,0,"black"
1821,1.7,0,10,0.8,139,8,10,3220,18,3,1,"white"
1954,0.5,1,24,0.8,187,4,0,700,5,0,0,"black"
1445,0.5,0,53,0.7,174,7,14,1099,20,0,0,"gray"
509,0.6,1,9,0.1,93,5,15,513,12,0,1,"white"
769,2.9,1,9,0.1,182,5,1,3946,7,3,0,"white"
1520,2.2,0,33,0.5,177,8,18,3826,13,3,1,"black"
1815,2.8,0,33,0.6,159,4,17,1482,2,1,0,"black"
803,2.1,0,17,1,198,4,11,2680,4,2,0,"white"
1866,0.5,0,52,0.7,185,1,17,373,3,0,1,"white"
775,1,0,46,0.7,159,2,16,568,11,0,0,"gray"
838,0.5,0,13,0.1,196,8,4,3554,19,3,1,"gray"
595,0.9,1,23,0.1,121,3,17,3752,18,3,1,"black"
1131,0.5,1,49,0.6,101,5,18,1835,16,1,0,"black"
682,0.5,0,19,1,121,4,11,2337,18,1,0,"black"
772,1.1,1,39,0.8,81,7,14,2819,3,3,0,"black"
1709,2.1,0,13,1,156,2,2,3283,15,3,0,"black"
1949,2.6,1,47,0.3,199,4,7,1433,20,1,0,"gray"
1602,2.8,1,38,0.7,114,3,20,1037,20,0,1,"white"
503,1.2,1,8,0.4,111,3,13,2583,12,1,1,"gray"
961,1.4,1,57,0.6,114,8,3,2782,7,2,1,"white"
519,1.6,1,51,0.3,132,4,19,3763,4,3,1,"black"
956,0.5,0,41,1,143,7,6,3286,12,3,1,"gray"
1453,1.6,1,52,0.3,96,2,18,2373,10,2,1,"white"
851,0.5,0,21,0.4,200,5,7,478,10,0,0,"white"
1579,0.5,1,5,0.2,88,7,9,3532,12,3,0,"gray"
1568,0.5,0,33,1,150,8,20,508,6,0,0,"white"
1319,0.9,0,41,0.9,107,1,18,2227,3,1,1,"white"
1310,2.2,1,51,0.6,100,4,0,3845,12,3,1,"black"
644,2.7,0,22,0.7,157,8,3,1262,15,0,0,"black"
725,1.3,1,60,0.4,160,8,17,1326,15,1,0,"black"
589,2.3,1,61,0.6,160,4,10,2113,2,1,0,"black"
1725,1.6,1,6,0.5,119,2,18,3429,4,3,1,"gray"
790,2,1,11,0.3,87,6,17,3169,2,2,1,"white"
560,0.5,1,50,0.3,159,2,20,2150,11,2,0,"gray"
1347,2.9,0,44,0.6,132,1,14,2484,11,2,0,"gray"
1646,2.3,0,41,0.2,185,2,10,3339,19,3,1,"black"
1253,0.5,1,5,0.2,152,2,19,1878,4,1,1,"black"
1656,1,0,34,0.1,166,3,7,1629,14,1,1,"black"
1195,2.8,0,20,0.8,110,2,14,504,12,0,1,"black"
1514,2.9,0,27,0.2,118,3,1,1152,20,1,0,"white"
1723,1.1,1,42,1,164,8,14,3587,3,3,0,"white"
1054,1.8,1,40,0.8,196,7,10,2296,12,1,1,"gray"
578,2.6,1,57,0.2,162,8,8,1270,5,0,1,"black"
596,2.1,1,64,0.8,111,8,15,3238,10,3,0,"black"
1547,3,1,14,0.7,198,3,19,2059,15,2,1,"black"
1760,1.4,1,63,0.8,127,8,19,2053,16,2,0,"gray"
1654,1.5,1,43,0.3,109,2,0,3112,10,3,1,"black"
1457,1.9,1,16,0.3,102,3,10,1440,12,1,1,"white"
1073,0.5,1,51,0.5,145,7,0,2908,18,2,0,"gray"
1936,2.1,1,46,0.6,104,3,20,2552,13,2,1,"black"
823,2.7,1,60,0.5,148,8,19,905,17,0,0,"black"
987,1.3,1,61,0.4,107,3,9,3963,20,3,1,"gray"
1757,0.5,0,49,0.5,180,6,14,2056,4,1,0,"black"
1063,1.4,1,48,1,128,5,4,2910,9,2,1,"white"
1484,3,0,12,0.6,134,3,5,1457,20,1,0,"white"
799,2.3,0,63,0.8,144,8,6,431,6,0,1,"white"
1156,1.2,1,50,0.8,159,2,0,470,15,0,1,"black"
1720,2,0,55,0.5,168,2,18,2148,5,2,1,"white"
702,2.6,1,9,0.7,141,3,3,2955,19,2,1,"gray"
616,1.9,1,44,0.8,81,3,17,3366,13,3,1,"white"
1358,0.5,0,36,0.3,155,4,14,3068,4,3,1,"gray"
1866,1.4,0,30,0.5,182,3,0,3834,8,3,0,"black"
1242,1.1,1,10,0.6,165,2,1,1050,4,0,0,"white"
1166,1.5,1,43,0.8,80,4,1,3993,7,3,1,"gray"
1448,0.5,1,45,0.8,138,7,11,3378,2,3,1,"black"
1407,2.4,0,22,0.7,104,4,4,2192,13,2,1,"gray"
605,1,0,9,0.1,142,3,16,392,4,0,1,"white"
1038,1.2,0,43,0.7,141,1,5,3709,12,3,0,"gray"
797,2.9,1,38,0.5,90,4,6,590,6,0,0,"black"
819,0.6,1,42,0.9,188,6,20,1814,13,1,1,"gray"
1114,2.8,0,9,0.4,197,3,15,907,17,0,1,"gray"
1234,1.6,1,33,0.6,172,1,3,1449,6,0,0,"black"
1199,2.5,1,16,0.2,116,4,20,3448,10,3,1,"white"
1103,1,1,29,0.7,111,6,8,1837,16,1,0,"gray"
1589,0.6,1,58,0.9,85,7,7,3464,6,3,1,"black"
999,2.9,1,64,0.2,199,4,19,2593,16,2,1,"gray"
1510,0.9,1,45,0.9,180,5,3,3484,11,3,0,"black"
1008,0.8,0,61,1,114,3,15,2009,11,1,0,"black"
1127,2.9,1,57,0.8,163,1,13,2048,17,1,1,"gray"
1412,2.4,0,25,0.8,96,8,17,837,4,1,0,"gray"
1496,2,1,42,0.5,182,5,5,854,7,0,0,"gray"
1083,2.9,1,64,0.8,178,3,11,3210,4,3,1,"white"
668,0.5,1,3,0.1,155,5,13,2746,8,2,0,"gray"
1309,1.1,1,33,0.5,100,4,14,2334,11,2,0,"white"
1724,2,1,57,0.5,177,3,5,2822,16,3,1,"white"
1977,2,1,54,1,171,7,18,1971,14,2,1,"white"
885,2.3,1,15,0.4,103,7,0,1410,5,0,1,"white"
879,2.5,0,14,0.7,83,6,15,349,2,0,1,"gray"
1322,1.7,1,7,0.8,140,3,9,1418,12,1,0,"gray"
1137,1,0,7,1,196,3,19,3616,12,3,0,"white"
1355,2.3,0,23,0.2,132,5,16,880,8,0,1,"gray"
1665,0.5,0,60,0.2,194,6,18,1601,14,2,1,"black"
657,2.5,0,37,0.7,141,2,1,1412,18,0,0,"gray"
593,0.5,0,31,0.4,156,7,7,1692,7,1,0,"gray"
1883,0.5,0,10,0.3,146,6,13,2600,20,3,1,"white"
1732,1.1,0,12,0.8,119,8,9,1308,11,1,1,"gray"
543,0.5,0,57,0.7,192,5,4,2413,15,1,0,"black"
1939,2.8,1,55,0.6,199,4,10,1047,18,0,1,"gray"
553,2.4,1,8,0.5,121,7,3,1204,8,0,1,"white"
832,0.7,1,39,0.7,103,4,3,1799,11,1,1,"black"
1661,1.9,1,23,1,172,5,10,2676,11,3,0,"black"
1657,2.4,0,42,0.1,198,5,16,2597,14,3,0,"black"
1135,2,1,46,0.3,83,1,4,3029,9,3,0,"gray"
1775,1.5,0,41,0.1,163,1,7,2343,14,3,0,"black"
783,1.8,1,43,1,106,3,4,2016,18,1,1,"black"
617,2.3,0,32,0.5,199,7,20,2213,7,1,0,"gray"
867,1.4,1,4,0.7,135,6,1,790,3,0,1,"white"
1310,1.1,1,7,1,194,5,14,3182,5,2,0,"black"
1804,0.5,0,22,0.6,153,7,19,3472,20,3,1,"white"
1900,2.3,0,18,0.2,89,7,9,2871,13,3,1,"gray"
909,1.4,0,53,0.3,82,8,0,3187,4,2,0,"white"
1084,2.6,0,40,0.9,107,3,11,1945,10,1,1,"black"
1308,1.3,1,46,0.9,199,1,12,488,9,0,0,"black"
1778,0.5,0,15,0.5,102,3,0,1214,14,1,0,"white"
1701,1.6,1,10,0.3,194,8,7,2598,6,2,0,"gray"
772,2.4,1,10,0.5,80,4,2,3242,4,3,1,"black"
825,0.5,1,52,0.9,130,3,10,3534,6,3,0,"black"
1379,1.1,0,36,0.8,200,2,7,3426,17,3,1,"white"
1166,2,0,25,0.8,198,5,4,2488,15,2,1,"gray"
1659,2.8,0,16,0.6,89,1,20,3255,9,3,0,"gray"
826,2.4,1,58,0.3,88,4,1,2863,18,2,1,"black"
1564,2.3,0,25,0.5,189,6,17,1496,7,1,1,"black"
1957,0.9,1,31,0.6,181,3,16,3801,7,3,0,"white"
1571,1.4,0,19,0.1,100,6,1,666,13,0,1,"gray"
1414,2,1,54,0.8,99,7,3,3799,7,3,0,"white"
1790,2.5,1,2,0.1,184,1,14,1366,20,1,0,"gray"
645,0.5,0,41,1,197,7,10,2962,4,2,0,"black"
668,2.9,1,30,0.2,195,8,12,2399,7,1,0,"black"
1652,1.1,1,36,0.7,89,4,5,2338,20,2,0,"white"
1213,0.5,0,16,0.5,108,5,0,2700,9,2,0,"black"
1272,2.5,1,22,0.9,133,6,8,2235,4,1,0,"white"
866,0.5,1,46,0.5,179,8,7,3825,2,3,1,"black"
536,2.4,1,3,0.3,182,7,14,284,4,0,1,"gray"
523,2.6,1,14,0.1,155,8,2,1427,9,0,0,"white"
1753,0.5,1,31,0.1,134,1,18,1324,17,2,1,"white"
1218,1.8,1,14,0.5,147,3,4,398,5,0,1,"gray"
1537,2.5,0,43,0.3,137,1,5,3685,17,3,1,"gray"
786,2.2,1,33,0.5,141,7,6,2390,5,2,0,"gray"
1678,2.1,0,64,0.9,134,3,11,278,10,0,1,"black"
1814,1.4,1,9,0.4,141,2,2,3556,16,3,1,"black"
1101,1.8,0,31,0.2,148,2,7,2196,19,1,0,"gray"
1461,2.4,1,40,0.5,141,7,4,3799,4,3,1,"gray"
1216,3,0,47,0.4,199,3,7,2268,4,2,0,"gray"
506,1.6,0,41,0.8,159,1,7,2965,15,2,1,"black"
843,0.5,0,56,0.1,147,5,17,2341,20,1,1,"gray"
742,2.2,1,56,0.2,190,7,14,3557,12,3,0,"white"
1692,2.1,0,61,0.9,176,6,12,1354,19,1,1,"black"
1485,1,0,32,0.7,84,2,9,2147,11,2,1,"black"
1547,2.9,1,45,0.7,166,2,8,505,3,0,0,"black"
1692,2.3,1,46,0.9,139,1,6,1394,6,1,1,"gray"
637,2.3,0,60,0.8,97,4,4,374,8,0,1,"gray"
1224,0.5,0,6,0.4,109,6,18,506,11,0,1,"black"
1356,2.8,0,29,0.5,198,6,0,3702,19,3,0,"white"
1840,0.5,1,34,0.7,142,1,16,1078,10,1,0,"black"
1481,0.7,1,37,0.6,96,5,13,2945,16,2,1,"white"
961,1.5,1,51,0.3,152,6,16,2981,7,2,0,"gray"
1296,0.9,1,14,0.5,124,5,3,490,4,0,1,"gray"
1193,0.9,0,26,0.5,166,1,20,536,4,0,0,"black"
1441,2.1,1,3,0.1,118,8,17,2317,7,2,1,"black"
517,1.4,1,33,0.8,183,4,8,3704,11,3,1,"black"
748,1.7,0,27,0.9,150,8,4,2126,7,1,1,"white"
1126,2.4,0,10,0.4,160,6,3,2050,12,2,1,"black"
1572,0.6,0,58,0.2,157,7,8,2462,10,3,1,"gray"
1569,2.8,1,44,0.3,110,4,20,1260,17,1,0,"black"
1270,0.6,1,32,0.5,101,7,6,3770,13,3,1,"black"
1854,3,0,8,0.1,101,5,5,1886,20,1,1,"white"
625,1.2,1,10,0.2,183,4,8,3323,7,2,1,"gray"
1577,0.5,1,42,0.3,197,5,4,2060,12,2,1,"black"
534,0.5,1,16,1,189,5,1,3926,20,3,1,"black"
946,1.7,1,25,0.8,143,6,15,2177,13,2,1,"white"
685,0.5,0,29,0.8,93,7,10,728,4,0,0,"black"
1949,1.3,1,23,0.1,101,5,1,2478,20,3,0,"white"
947,0.8,1,22,0.1,197,2,13,2842,2,2,1,"gray"
801,2.2,1,63,0.4,165,7,4,1617,19,1,0,"black"
703,2.7,0,30,0.3,113,1,20,1472,7,0,1,"black"
1165,2.4,0,41,0.2,178,6,12,764,15,0,0,"gray"
1082,0.8,0,38,0.1,198,8,5,2337,17,2,0,"white"
959,2.6,1,20,1,84,4,19,3965,6,3,0,"gray"
1502,1.2,0,54,0.2,138,5,12,3693,16,3,0,"black"
1380,2.1,1,4,0.8,92,3,13,797,15,0,1,"black"
1266,0.5,0,5,0.1,95,6,9,1687,18,2,1,"black"
1934,2.6,1,46,0.1,103,1,17,2940,2,3,1,"gray"
1905,0.5,0,6,0.5,151,1,5,1545,10,1,1,"black"
1831,1.4,1,43,0.9,150,5,5,3834,13,3,0,"black"
596,1.4,0,46,0.6,165,1,18,2505,15,1,0,"black"
1562,1.3,1,7,0.2,190,5,15,2243,6,2,1,"black"
1490,0.5,1,64,0.3,150,8,8,3600,7,3,1,"gray"
1523,2.4,0,57,0.2,117,2,6,3971,10,3,1,"black"
640,0.6,0,20,0.1,163,4,15,2844,18,2,0,"gray"
1526,2.1,0,23,0.2,117,7,8,2227,3,2,1,"black"
1989,2.5,1,41,0.8,94,3,13,1665,12,2,1,"gray"
1308,1.9,0,61,0.7,106,3,7,3355,4,3,1,"white"
609,0.5,0,26,0.3,93,4,4,1866,14,1,0,"gray"
1905,0.6,1,36,0.4,119,3,20,1287,16,1,1,"gray"
1703,0.5,0,22,0.6,192,1,0,1046,13,0,1,"black"
1445,2.4,1,20,0.4,173,7,15,1441,13,1,1,"black"
1087,1.3,0,16,0.3,166,3,9,690,6,0,1,"gray"
671,0.9,1,30,0.7,105,7,17,2504,15,2,0,"black"
1472,2.3,0,61,0.1,168,6,19,2677,8,2,0,"gray"
765,0.5,1,47,0.3,115,8,1,2243,4,2,1,"gray"
1642,0.5,1,8,0.3,171,6,17,2984,17,2,1,"black"
1265,1.5,0,49,0.7,182,5,16,1362,12,1,0,"black"
664,1.1,1,51,0.1,110,7,4,3629,6,3,1,"white"
1277,0.5,1,35,0.4,142,6,6,3559,6,3,1,"black"
1395,1.8,1,23,0.1,111,3,1,2571,13,2,0,"gray"
1539,2.6,0,41,0.1,159,8,0,2107,10,2,0,"black"
1049,2.2,0,63,0.5,135,5,17,1022,13,0,0,"white"
1827,1.7,0,39,0.5,128,5,16,2844,10,2,1,"gray"
903,1,1,50,0.4,91,1,0,711,10,0,1,"black"
1987,0.5,0,53,1,181,3,7,3117,8,3,1,"gray"
1154,1.2,1,49,0.2,181,8,2,978,7,0,1,"gray"
1336,0.9,0,17,0.2,194,5,9,1869,16,1,1,"white"
1886,0.5,0,24,0.4,112,3,1,1179,20,1,1,"gray"
1551,1.1,0,51,0.1,88,5,6,3844,4,3,0,"black"
850,1.6,1,29,0.5,133,5,19,593,10,0,1,"black"
660,0.5,0,40,0.5,111,2,10,588,18,0,1,"gray"
1225,2.1,1,13,0.5,116,4,12,3836,11,3,0,"white"
1452,0.5,1,25,0.9,123,6,11,2669,13,2,1,"white"
1686,2.8,1,38,0.1,166,4,4,2958,2,3,0,"black"
1634,1.4,0,17,0.2,200,2,5,3031,6,3,1,"black"
1708,2.4,1,49,0.1,109,1,19,3388,16,3,1,"white"
1151,2.9,1,31,0.6,128,8,1,2377,13,2,0,"gray"
1578,1.9,1,37,0.1,138,4,19,2458,3,2,1,"gray"
1689,1.8,0,24,0.3,127,3,18,2766,7,3,0,"white"
1488,0.5,0,39,0.8,112,5,6,3054,19,3,0,"black"
1313,1.8,1,9,0.4,105,1,6,3791,6,3,0,"gray"
1715,1,1,31,0.5,83,8,17,625,13,0,1,"black"
1442,1,1,27,0.1,192,3,19,2227,20,1,0,"white"
528,1.7,0,6,0.8,142,2,15,3256,6,2,1,"black"
1523,1.8,0,11,0.1,129,1,8,707,19,0,1,"gray"
1133,1.4,0,42,0.1,199,5,12,1457,20,1,0,"black"
1718,2.5,1,6,0.1,183,5,16,3755,8,3,1,"black"
1330,0.5,0,38,1,183,7,1,1733,11,1,0,"gray"
1799,0.5,0,49,0.4,107,4,2,720,11,0,0,"black"
633,2.2,0,49,0.1,139,8,1,3560,16,2,1,"gray"
724,2.7,1,44,0.5,187,7,0,2311,7,2,0,"white"
822,0.5,0,51,0.3,157,6,20,3846,3,3,1,"black"
1918,1.9,0,10,0.6,110,5,10,1717,16,2,0,"gray"
1891,2.8,0,37,0.4,129,7,14,3704,11,3,1,"gray"
1373,1,1,50,0.2,127,7,12,3800,14,3,0,"black"
862,0.8,1,23,0.4,165,2,15,278,11,0,0,"gray"
1273,1,0,48,0.4,99,4,15,1767,11,1,1,"white"
957,2.5,0,7,0.8,107,5,10,1846,7,1,0,"black"
1617,1.3,1,30,0.7,105,2,4,829,10,0,1,"white"
893,2.5,1,55,0.6,183,2,1,2986,6,2,0,"black"
1210,0.5,0,63,0.1,93,5,0,2394,7,2,0,"white"
708,2.7,1,63,1,195,8,7,2169,7,1,1,"gray"
835,1.1,1,7,0.2,101,4,7,1181,15,0,0,"gray"
1450,2.7,1,19,0.6,131,1,17,575,12,0,0,"white"
973,1.5,0,57,0.2,190,7,16,2977,2,2,1,"black"
601,1.4,0,4,0.1,154,4,13,532,10,0,1,"black"
507,0.5,1,32,0.5,141,7,11,1702,5,1,0,"gray"
564,1.8,1,51,0.5,168,3,1,1074,15,0,1,"white"
1559,1.6,1,6,0.5,162,6,17,3352,3,3,1,"white"
754,0.5,1,59,0.7,178,7,10,1027,5,1,1,"black"
728,2.7,1,25,0.2,88,4,1,2039,12,1,0,"gray"
1431,0.5,0,56,0.6,191,1,1,461,8,0,1,"white"
767,1.5,0,28,0.7,175,4,10,527,15,0,0,"gray"
1722,2.6,0,18,0.8,177,2,16,3271,15,3,0,"gray"
1992,1.6,0,57,1,100,2,15,606,4,1,1,"black"
1876,0.5,0,40,0.3,86,6,14,2513,16,3,1,"gray"
1054,1.1,1,38,0.4,136,6,12,1675,14,1,1,"gray"
1283,1.6,1,47,0.9,93,5,5,2698,17,2,0,"black"
1281,2.3,1,28,0.3,148,1,6,1129,6,1,0,"black"
1066,0.6,0,7,0.9,114,7,18,468,6,0,1,"gray"
730,2.1,1,4,0.1,89,8,2,1210,4,0,1,"black"
1053,0.8,1,45,0.3,103,1,12,3086,5,3,1,"white"
1611,0.5,1,3,0.6,98,3,14,1595,9,1,0,"black"
793,1,1,30,0.9,133,2,15,2332,14,2,1,"gray"
1220,2.9,0,62,0.5,125,4,8,2589,15,2,0,"black"
1662,0.5,0,61,0.8,126,4,13,3760,13,3,1,"black"
1281,2.8,1,8,0.3,144,4,19,1851,9,1,1,"white"
538,0.8,0,2,0.8,177,7,13,417,9,0,1,"gray"
823,0.5,0,39,0.4,187,8,4,294,11,0,0,"black"
1733,2.8,0,36,1,119,6,20,3576,9,3,1,"gray"
1429,1.5,1,40,0.9,100,3,14,3945,18,3,1,"black"
1839,1.2,0,54,0.5,200,7,11,927,18,1,1,"gray"
659,2.7,0,6,0.5,110,3,7,2044,2,1,1,"white"
1953,2.1,1,56,0.1,158,8,9,2334,4,2,0,"white"
1172,1.9,0,27,0.7,164,1,3,1477,6,1,1,"black"
612,1.9,1,16,0.3,102,7,7,3161,3,3,0,"black"
1563,2.4,0,24,0.2,170,8,0,3660,5,3,1,"black"
1191,1.3,1,26,0.8,84,1,20,1604,9,1,1,"black"
615,0.5,1,42,0.6,163,6,4,2211,18,1,0,"black"
1893,2.1,1,63,0.2,134,2,11,3822,18,3,0,"gray"
1563,1.7,1,16,0.1,151,7,13,3922,8,3,0,"black"
1995,1.9,0,9,0.8,139,6,18,1203,18,2,0,"white"
1517,0.5,0,48,0.6,143,5,14,2822,11,3,1,"gray"
832,1.6,1,34,0.3,108,5,5,447,12,0,1,"gray"
1162,2,0,56,0.7,114,7,1,1652,20,1,1,"black"
1595,2.6,0,12,0.3,121,8,19,3608,16,3,0,"black"
1329,1,0,52,0.9,181,6,2,1228,6,1,0,"black"
928,0.5,1,56,0.7,80,8,13,666,5,0,0,"black"
1656,0.5,1,38,0.1,105,7,17,1499,19,1,1,"black"
1937,1.7,0,58,0.6,189,1,19,3321,14,3,0,"gray"
977,1.1,1,57,0.6,181,6,7,1206,8,0,0,"black"
768,0.9,0,56,0.1,113,1,20,952,16,0,1,"white"
1464,0.5,1,12,0.9,117,2,14,3927,15,3,0,"white"
1177,0.9,0,29,0.4,191,2,8,311,19,0,1,"white"
1348,2,0,52,0.3,98,3,20,955,7,1,0,"black"
1956,2.2,0,37,0.5,87,3,2,1109,19,1,1,"black"
1751,0.5,1,8,0.6,178,6,20,2969,17,2,0,"black"
1530,2,0,42,0.8,177,6,13,725,19,0,0,"gray"
1997,1.8,1,40,0.5,185,4,8,1655,15,2,0,"black"
1414,1.5,1,44,0.5,180,2,6,3490,13,3,0,"gray"
1707,1.4,0,41,0.8,80,7,2,1774,10,2,0,"black"
894,0.5,1,50,0.5,199,3,14,3615,6,3,1,"white"
645,1.2,0,41,0.7,184,8,17,714,13,0,1,"black"
1163,2.8,1,49,0.6,155,2,0,2768,12,2,0,"black"
1126,0.7,0,49,0.9,165,8,17,3739,13,3,0,"gray"
1648,0.7,0,64,0.8,170,4,9,610,6,1,1,"white"
1170,0.9,0,14,0.4,199,2,13,715,20,0,1,"white"
508,0.8,0,42,0.3,94,1,8,663,7,0,1,"black"
1097,2.1,1,64,0.2,161,3,8,1725,9,1,0,"black"
728,1.7,1,5,0.6,101,2,20,834,5,0,1,"black"
1980,0.5,1,29,0.8,177,1,13,3865,18,3,1,"black"
1504,2.3,1,64,0.9,182,1,2,3059,10,3,0,"black"
1379,2.1,1,63,1,83,1,17,651,7,0,1,"black"
1698,2.1,0,18,0.9,160,6,20,796,14,0,1,"gray"
920,2.1,1,25,0.4,115,7,14,785,5,0,0,"black"
1144,1.5,1,21,0.4,189,1,11,3252,8,2,0,"black"
1995,0.5,0,26,0.2,129,1,15,1322,7,1,0,"black"
1430,0.5,1,27,0.5,183,1,16,2832,15,2,0,"gray"
972,0.5,1,13,0.4,193,5,8,1615,13,1,0,"black"
662,0.5,0,20,0.8,138,1,10,2125,15,1,0,"black"
1867,2.3,0,9,0.1,191,6,3,990,2,1,1,"gray"
1730,2,1,20,0.1,143,4,10,1595,12,1,1,"gray"
1723,1,0,7,0.6,126,3,17,1213,16,1,1,"white"
1882,1.3,1,47,0.2,140,2,13,2500,11,2,0,"black"
803,0.8,1,18,0.3,106,4,1,2801,12,2,0,"gray"
580,1.2,1,47,0.9,91,3,1,3451,11,3,0,"white"
668,2.3,0,48,0.3,114,1,19,1201,4,0,1,"black"
1391,1.4,0,36,0.8,182,1,6,3139,14,2,1,"white"
1560,2.3,0,22,0.8,169,7,1,1938,16,2,1,"black"
821,1.8,1,54,0.1,109,3,9,3185,15,2,0,"gray"
811,2.4,1,2,0.3,106,6,13,2111,2,1,1,"black"
1989,2.9,1,17,0.1,193,8,15,2369,18,2,0,"black"
1034,2.7,1,37,0.7,120,7,20,3625,12,3,0,"black"
618,2.1,0,6,0.3,86,1,4,1051,15,0,0,"gray"
654,1.3,0,52,0.7,196,4,4,1036,13,1,1,"black"
576,2.8,0,10,0.2,184,5,7,2938,5,2,1,"gray"
667,0.6,0,3,0.7,185,6,13,2855,19,2,1,"black"
869,1,0,57,0.6,118,1,15,2727,8,2,1,"white"
635,0.5,1,42,0.4,149,3,4,2973,18,2,0,"black"
609,3,0,44,0.3,117,1,16,2581,15,1,1,"white"
1557,2.8,1,2,0.1,123,5,20,2690,9,3,0,"black"
1604,1.7,0,33,1,191,8,5,916,12,0,0,"black"
1182,0.5,0,8,0.5,138,8,16,2563,19,2,1,"white"
848,2.1,1,19,0.8,148,7,18,3359,14,2,1,"black"
1610,2.9,0,64,0.9,181,4,12,941,9,1,1,"white"
1828,2.1,1,17,0.9,199,1,1,2280,4,2,0,"gray"
880,2,1,50,0.5,194,7,3,827,6,0,1,"gray"
1394,0.9,1,62,0.3,175,5,13,473,20,0,1,"gray"
1960,2.3,1,61,0.3,86,7,3,3865,11,3,1,"black"
809,0.8,0,21,0.9,91,7,19,1274,3,1,0,"white"
899,0.5,1,57,0.9,172,2,18,364,7,0,1,"black"
1976,0.7,1,32,0.8,171,2,7,3699,13,3,0,"white"
879,1.5,1,21,0.8,187,4,2,2927,11,2,1,"gray"
916,2.6,0,36,0.3,195,4,12,1470,14,0,0,"gray"
763,1.7,1,2,0.5,92,8,14,1050,8,0,1,"black"
508,1.6,1,9,0.4,162,6,2,2616,10,2,0,"black"
825,2.9,1,34,0.8,99,8,17,2915,10,3,0,"black"
1864,1.4,0,46,0.7,178,1,12,2686,18,2,1,"gray"
1725,0.5,1,52,1,185,6,12,1243,5,1,1,"gray"
1108,2.9,0,52,0.1,183,2,12,3264,13,3,0,"black"
1011,1.1,0,36,0.2,131,7,18,2261,16,1,1,"white"
1703,1.5,1,55,0.7,138,5,19,2993,20,3,1,"gray"
1067,1.7,1,58,0.5,135,7,0,706,16,0,0,"black"
1334,2.4,0,42,0.6,115,5,14,2542,8,3,1,"black"
775,2.6,0,30,0.4,189,7,10,2523,9,2,0,"gray"
1899,0.6,0,26,0.1,151,2,0,336,4,0,0,"gray"
930,1.3,1,14,0.4,97,6,10,2457,17,1,1,"black"
1058,1.5,0,19,0.4,166,4,14,418,16,0,0,"white"
1187,2.2,0,46,0.4,145,2,9,3917,8,3,1,"gray"
1874,2.7,1,8,0.9,166,7,13,1246,2,1,0,"gray"
1482,0.5,0,48,0.2,142,7,10,2971,12,2,0,"black"
1809,1.7,0,59,0.1,174,3,4,2324,16,2,1,"black"
864,3,1,54,0.7,187,2,1,3121,16,2,1,"black"
625,1.9,0,33,0.2,191,1,20,3801,2,2,1,"black"
1880,1.8,0,18,0.7,138,3,5,3333,7,3,1,"black"
1138,1.4,0,44,0.2,187,8,17,3475,3,3,1,"white"
560,0.5,0,23,1,146,8,15,2360,18,1,0,"gray"
1117,0.5,0,12,0.6,144,7,8,2895,16,2,0,"white"
1712,1.4,0,63,0.5,137,7,12,3652,19,3,0,"black"
1836,1.7,1,26,0.1,134,6,16,3097,18,3,0,"black"
1036,2.4,0,39,0.2,119,7,3,2101,2,1,0,"black"
1860,2.3,0,23,0.6,162,4,16,3918,8,3,0,"white"
1375,1.1,0,9,0.9,145,7,19,3869,10,3,1,"white"
1945,1.6,1,57,0.3,195,4,1,732,14,1,1,"black"
1896,0.5,1,7,0.4,141,2,13,3684,18,3,1,"gray"
788,2.5,1,57,0.9,91,8,12,3969,6,3,1,"white"
880,1.7,1,33,0.7,173,2,2,1414,7,0,0,"black"
1323,2.5,1,28,0.2,131,4,12,1892,15,1,1,"black"
1868,2,1,42,0.2,169,1,4,3131,7,3,1,"black"
1266,1.9,1,7,0.2,184,3,12,2532,4,2,1,"gray"
1042,2.7,1,50,0.8,93,7,18,3215,20,3,1,"black"
1479,0.5,0,19,0.6,156,3,10,3323,6,3,0,"white"
1476,1.2,1,55,0.1,171,4,5,1529,3,2,1,"white"
1552,2.2,0,13,0.2,123,6,9,2403,9,2,1,"black"
1454,0.5,1,34,0.7,83,4,3,3419,5,3,0,"black"
1007,2,0,45,0.1,95,5,2,3648,16,3,0,"gray"
652,2.4,1,17,0.7,173,5,11,1974,12,0,1,"gray"
1504,1.5,0,34,0.7,142,8,15,2806,7,2,1,"gray"
1726,0.9,1,51,0.6,193,4,3,2239,13,2,0,"black"
1029,1.9,1,5,0.2,171,5,8,582,4,0,1,"black"
1582,2.8,0,44,0.5,112,6,13,3890,10,3,1,"black"
1478,0.8,1,48,0.7,99,5,17,1141,6,1,0,"black"
1178,1.3,0,49,0.6,101,5,0,2511,17,2,0,"white"
707,2.1,1,25,0.8,131,3,17,3838,7,3,0,"white"
755,2.8,0,51,0.3,186,4,12,2734,16,2,1,"white"
912,2,0,54,0.3,161,8,5,2330,20,1,0,"black"
651,0.8,1,63,0.2,176,5,4,2244,19,1,1,"gray"
1483,2.1,0,54,0.2,176,7,2,1851,2,1,1,"black"
914,0.9,0,4,0.8,100,2,12,808,5,0,0,"black"
1456,0.5,1,7,0.4,105,5,12,1587,20,1,0,"white"
1178,2.2,1,57,0.3,84,3,17,2492,10,2,0,"white"
1503,0.7,0,43,0.2,166,4,14,2122,2,2,1,"black"
1681,2.5,0,11,0.4,158,2,13,1122,16,0,0,"gray"
715,2.3,1,48,0.1,160,4,6,3709,10,2,0,"white"
1876,2.8,1,56,0.4,182,3,4,3021,18,2,1,"white"
1190,2.2,1,47,0.3,186,6,10,624,19,0,0,"black"
1755,1.3,0,24,0.1,134,7,2,3937,7,3,1,"white"
1197,1.3,0,20,0.5,149,6,7,1797,4,1,1,"gray"
1048,0.9,0,28,0.8,194,2,19,1458,15,1,1,"gray"
1887,3,1,17,0.2,126,8,7,3348,16,3,1,"black"
1772,0.5,1,64,0.7,116,8,15,1834,20,1,0,"gray"
1421,2.8,0,57,0.4,165,1,2,2775,14,3,1,"black"
1464,0.5,1,17,0.7,153,6,8,1277,19,1,1,"white"
728,2.3,1,23,0.8,111,4,5,457,16,0,0,"white"
954,0.5,0,50,0.3,134,2,11,438,2,0,0,"black"
685,0.5,1,13,0.8,82,7,15,3210,2,3,1,"black"
1472,2.8,1,36,0.5,130,6,10,985,7,1,0,"black"
853,2,0,3,0.6,200,2,16,3701,8,3,1,"black"
1469,2.1,0,8,0.7,123,7,0,1052,3,0,0,"black"
1310,2.3,1,57,0.9,135,8,9,1175,8,0,0,"black"
1654,1.8,0,11,0.3,146,7,2,1070,14,1,0,"black"
902,0.7,0,3,0.3,134,7,9,3411,15,3,0,"black"
1448,1.4,1,26,1,156,3,16,1175,6,1,0,"white"
1631,0.9,1,3,0.1,198,7,12,301,13,0,1,"black"
1608,1.8,1,28,0.4,183,2,13,489,8,0,0,"gray"
1991,2.7,0,64,0.9,145,2,13,1733,8,2,1,"black"
1349,2,1,62,0.3,114,5,16,2756,4,2,0,"black"
1589,2.5,0,51,0.8,195,1,18,2612,16,2,1,"gray"
1844,2.3,1,51,0.7,158,8,3,1724,14,1,0,"white"
712,0.5,1,35,0.2,84,2,10,2190,4,1,1,"black"
972,1.7,0,54,0.7,107,3,4,1900,19,1,1,"white"
1406,0.5,1,34,0.8,98,3,5,3915,2,3,1,"gray"
1289,0.9,0,25,1,178,6,12,1043,11,0,1,"gray"
932,1.3,0,64,0.7,154,7,2,3817,9,3,0,"white"
1747,0.9,0,48,0.7,94,3,19,2362,19,2,1,"white"
1172,2.1,1,41,0.1,95,3,7,1107,5,1,0,"black"
1128,1.4,0,53,0.4,84,5,14,2982,12,3,0,"gray"
664,1.2,1,28,0.9,106,5,5,2042,19,1,0,"black"
513,0.5,0,44,0.1,186,4,12,1343,9,0,1,"white"
1742,2.3,1,43,0.4,170,7,12,2610,10,2,1,"black"
1512,1.7,0,6,0.7,162,7,17,2335,7,2,0,"gray"
1986,0.5,1,51,0.1,165,8,20,1614,3,1,1,"gray"
965,1.5,1,13,1,109,2,14,1138,10,0,0,"black"
1067,2.4,1,40,0.6,122,8,15,604,11,0,1,"black"
1583,1.6,0,42,0.8,118,3,10,3652,9,3,1,"white"
1653,0.5,1,37,0.9,176,4,6,3955,18,3,1,"gray"
1433,1.6,0,4,0.7,133,8,11,258,4,0,0,"white"
765,2.9,0,18,0.1,153,7,0,1066,16,0,1,"white"
1845,0.5,1,61,0.3,96,1,12,1731,6,1,0,"black"
752,0.5,1,48,0.7,87,7,13,3860,16,3,0,"white"
1948,2.8,1,16,0.1,100,5,10,3630,17,3,0,"black"
1077,2.5,1,45,1,174,3,4,1965,6,1,1,"white"
932,0.5,0,60,0.7,104,4,2,1459,19,0,1,"gray"
1968,0.9,0,22,0.8,115,3,7,2323,7,2,0,"white"
1122,1.2,0,2,0.6,120,4,14,3291,13,2,0,"black"
1588,0.5,0,61,0.8,159,1,13,3272,17,3,1,"black"
601,2.1,0,26,0.3,101,4,18,918,12,0,0,"black"
1615,0.5,0,15,0.1,132,4,16,3488,3,3,0,"black"
1589,2.2,1,58,0.1,128,4,4,3961,14,3,0,"white"
1417,2.7,0,56,0.9,114,6,4,590,6,0,1,"black"
1697,0.7,0,34,0.1,95,1,3,3701,8,3,1,"black"
1330,1.3,1,3,0.3,83,5,17,463,11,0,0,"white"
1476,0.5,0,43,0.7,148,2,2,3644,6,3,1,"white"
1579,1.5,0,27,0.2,142,6,18,1713,10,1,0,"black"
1277,3,0,41,0.3,200,4,3,429,14,0,1,"gray"
1089,0.9,1,2,0.7,145,5,15,2765,10,2,1,"black"
1663,2.5,1,27,0.3,169,4,14,2084,18,2,1,"gray"
1949,1.8,0,20,0.8,186,5,4,1125,9,1,0,"black"
1138,1.1,0,48,0.6,109,3,14,2048,18,2,1,"black"
685,2.7,0,17,0.3,174,6,20,1223,18,0,0,"black"
1889,2.8,0,31,1,132,1,10,3672,3,3,1,"black"
857,2,1,17,0.2,195,7,9,3100,13,2,0,"white"
1902,2.8,1,50,0.8,124,8,9,343,18,0,0,"black"
1225,2.4,0,15,0.1,155,5,0,1970,15,1,0,"black"
1066,1.6,0,39,0.6,131,5,17,2728,17,2,0,"black"
1554,0.5,1,5,1,124,3,12,3635,18,3,0,"white"
1337,0.5,0,31,0.8,186,2,20,2180,16,1,0,"gray"
1926,1.7,1,33,0.4,172,3,2,2488,14,2,1,"black"
869,1.3,1,34,0.1,104,2,4,3864,11,3,0,"gray"
1278,0.5,1,54,0.1,104,8,16,1155,20,0,0,"black"
1773,2.5,0,32,0.6,170,6,18,3566,13,3,1,"black"
1661,0.8,1,6,1,109,7,2,864,2,1,1,"gray"
1438,2.2,0,32,0.6,176,7,6,869,9,0,1,"black"
1661,1.4,0,29,0.3,119,2,0,591,9,0,0,"white"
1846,0.6,0,19,0.7,159,1,2,1333,11,1,0,"white"
1260,2,1,23,0.2,123,7,10,2208,10,2,1,"white"
512,0.5,1,15,0.9,83,3,15,2610,15,2,0,"gray"
581,2.2,0,59,0.7,185,5,6,2819,9,2,0,"black"
1872,2.3,0,44,0.7,134,3,15,1955,15,2,0,"white"
687,1.3,0,50,0.6,151,4,20,3416,8,3,1,"black"
1062,2.5,1,10,0.9,160,1,13,3803,16,3,0,"black"
1678,2.3,1,7,0.5,192,1,14,574,19,0,0,"gray"
1417,0.5,0,45,0.9,166,4,19,2129,12,1,1,"black"
1074,2.4,1,9,0.9,103,6,14,1948,18,1,1,"gray"
1832,0.7,0,2,0.6,90,7,6,2978,18,2,0,"white"
1039,1.3,0,12,0.8,200,8,0,1619,10,1,1,"black"
1059,2.4,0,61,0.1,134,3,18,3716,11,3,0,"gray"
1606,1.4,0,57,0.1,154,4,4,3454,20,3,0,"gray"
1928,1.8,0,19,1,187,3,20,3777,13,3,1,"white"
1875,0.5,1,55,0.7,91,1,17,2712,6,3,1,"gray"
1128,1.1,0,46,0.9,135,8,10,1434,11,1,1,"white"
1748,1.7,1,14,0.5,146,3,7,3968,3,3,1,"gray"
1413,0.5,1,51,0.3,117,5,11,3383,2,3,0,"white"
825,0.5,1,23,0.1,86,2,0,3278,2,3,1,"white"
1589,1.4,0,26,0.1,100,8,16,3970,18,3,1,"black"
535,0.5,1,54,0.5,145,8,15,2674,10,2,1,"black"
1780,0.5,0,27,0.1,190,4,11,2776,14,3,0,"black"
1671,0.6,1,61,0.1,129,2,11,2336,7,2,1,"black"
1821,0.9,0,12,0.3,114,1,18,2430,6,2,1,"black"
1076,2.6,0,38,0.7,119,6,8,891,9,0,1,"white"
532,0.8,1,8,0.1,193,5,10,728,8,0,0,"black"
777,2.6,0,30,0.9,148,5,17,3886,7,3,0,"white"
1217,0.5,0,17,0.5,182,4,13,1711,9,1,0,"black"
1656,1.6,1,16,1,117,7,2,2856,20,2,0,"black"
1185,1.9,0,31,0.4,152,8,7,2447,3,2,0,"black"
577,2.4,0,37,0.9,161,6,20,814,19,0,1,"gray"
737,2.4,1,49,0.6,193,4,16,2951,10,2,0,"white"
704,2.2,1,53,0.2,186,6,6,3653,15,2,0,"white"
525,0.5,1,51,0.5,137,8,11,1891,12,1,0,"white"
504,0.5,1,16,0.1,166,1,9,701,15,0,0,"black"
793,1.2,1,38,0.6,176,4,7,3139,12,3,1,"gray"
569,0.6,1,39,0.1,184,8,9,2811,7,1,0,"white"
1590,1.9,1,21,1,160,5,18,1701,4,1,1,"white"
707,0.5,0,16,0.1,194,2,0,1853,12,1,1,"black"
767,1.9,0,19,0.2,185,6,17,2445,6,1,1,"gray"
1350,0.5,1,50,0.8,181,8,4,2287,8,1,1,"black"
1117,0.6,1,31,0.2,146,2,7,2003,14,2,0,"gray"
641,1.1,0,7,0.9,192,1,3,3595,19,2,1,"gray"
1002,0.8,1,35,0.5,83,2,4,1726,19,1,1,"black"
1408,2.1,1,45,0.9,89,5,14,3952,3,3,0,"black"
1900,2,1,41,0.5,190,8,6,850,4,1,0,"black"
726,2.9,0,43,0.1,101,8,0,1446,8,0,0,"black"
1544,2.3,0,45,0.1,113,8,20,1300,18,1,1,"white"
1454,1.6,0,21,0.2,160,4,10,719,10,0,1,"black"
1230,2.2,1,26,0.8,123,5,7,988,9,0,0,"black"
1552,1.2,0,53,0.3,180,8,18,2606,12,2,1,"black"
1519,2.1,0,32,0.7,200,1,10,2912,15,2,0,"gray"
723,1.9,0,30,0.3,102,1,7,2339,17,2,0,"white"
1191,2.4,1,13,0.9,169,1,7,1028,8,0,0,"gray"
1168,1.3,0,61,0.1,90,8,10,3173,17,3,0,"black"
1229,0.5,1,14,0.8,191,2,16,1667,17,1,0,"white"
1758,0.5,0,13,0.6,190,8,14,1897,15,2,1,"gray"
1290,0.5,0,3,0.1,143,6,4,1214,15,1,0,"white"
574,2.8,1,38,0.1,90,6,17,3269,10,2,0,"gray"
1271,0.5,0,32,0.1,113,7,15,445,14,0,0,"black"
1170,1.2,0,30,0.4,83,8,15,1073,8,0,0,"white"
1269,1.3,0,52,0.8,118,2,15,665,5,1,0,"white"
1288,2.8,1,50,0.1,121,2,20,3129,2,3,0,"black"
1366,0.7,1,34,0.1,150,2,9,3501,3,3,1,"black"
1572,0.8,1,8,0.8,169,5,8,3461,10,3,1,"black"
1627,0.9,1,32,0.1,180,6,16,3206,16,3,1,"white"
1701,0.5,0,46,0.9,115,2,15,3717,10,3,1,"gray"
1900,0.5,1,55,0.9,171,1,1,3917,18,3,1,"black"
1974,1,0,24,0.3,80,7,13,861,6,0,0,"white"
1197,0.5,1,20,0.1,129,5,10,2885,14,2,0,"gray"
587,2.3,1,6,0.7,170,1,16,2777,14,2,0,"black"
934,1.1,0,24,0.8,112,5,12,1017,9,0,0,"black"
1195,2,1,23,0.1,82,4,9,980,17,0,1,"black"
1853,1,0,23,0.4,92,1,15,2775,17,3,0,"white"
1164,1,0,19,0.9,95,8,18,3309,3,3,1,"white"
1512,0.5,0,18,0.1,88,3,17,3607,6,3,1,"gray"
1232,2.9,1,24,0.3,169,5,17,1257,16,0,1,"white"
1813,0.6,1,5,0.2,198,3,8,759,14,0,1,"white"
946,2.6,1,5,0.1,166,3,20,3720,4,3,0,"gray"
739,2.3,1,58,0.1,88,3,4,475,6,0,1,"black"
704,2.7,0,29,0.2,80,1,10,1122,10,0,1,"black"
1663,0.5,0,40,0.6,147,4,15,1336,15,1,0,"white"
1966,1.4,1,40,0.9,185,8,18,1185,20,2,0,"gray"
1219,1,1,17,0.7,196,5,4,705,6,0,0,"gray"
612,0.7,0,35,0.6,181,5,12,3169,6,2,0,"white"
1658,1.4,0,39,0.7,182,1,5,3483,15,3,1,"black"
1263,0.5,0,64,0.3,175,5,18,1183,17,1,0,"gray"
1395,2.8,0,55,0.6,118,3,1,3373,16,3,1,"black"
621,2.7,1,54,0.1,151,4,20,2801,5,2,0,"black"
652,0.5,1,58,0.6,142,3,2,565,9,0,0,"black"
1175,0.6,0,25,0.1,145,2,12,3153,12,2,0,"gray"
561,1,0,11,0.1,163,8,10,3421,5,2,0,"white"
1137,2.2,0,3,0.9,173,5,7,316,17,0,1,"white"
1835,2.3,0,11,0.1,193,7,13,448,14,0,1,"black"
1170,2.9,1,40,0.4,169,6,5,2366,2,1,0,"gray"
1595,0.8,1,44,0.7,85,4,20,3881,9,3,1,"black"
1719,2,0,12,0.3,122,8,7,462,5,0,0,"gray"
1770,2.3,1,7,0.8,128,7,6,1480,17,1,0,"white"
1312,0.5,1,28,0.8,163,2,0,1087,14,1,1,"black"
1878,1.5,1,56,0.3,139,5,13,2711,3,2,1,"gray"
1871,2,0,20,0.1,81,7,14,2144,12,2,1,"black"
922,1.5,1,35,0.9,188,7,15,1165,4,0,1,"gray"
1975,1.5,0,16,0.9,128,8,11,2998,13,2,1,"gray"
1212,2.6,0,46,0.3,102,4,8,2249,4,2,1,"gray"
1430,0.9,0,56,0.1,179,3,5,752,17,0,0,"white"
1958,1.9,1,4,0.2,190,2,3,1409,3,1,0,"white"
1836,2.1,1,30,0.2,184,7,15,3072,5,3,1,"black"
557,1.6,0,24,0.5,125,3,0,1305,3,0,0,"white"
539,0.6,1,21,0.1,145,7,14,3597,9,2,0,"white"
880,0.5,1,44,0.5,172,8,15,3132,6,2,0,"black"
1369,1.8,1,34,0.5,162,1,7,3856,18,3,0,"gray"
1109,2.7,1,39,0.4,98,1,9,1524,7,1,0,"black"
843,1.8,1,16,0.1,166,5,6,3673,20,3,0,"white"
598,2.3,1,21,0.7,196,2,10,3293,7,2,0,"black"
972,2.7,1,5,1,126,4,2,3035,19,2,0,"black"
1944,0.5,0,36,0.1,197,6,18,584,13,1,1,"gray"
1225,0.7,1,2,0.6,138,7,1,2675,15,2,1,"white"
644,1.3,1,30,0.5,114,1,16,2382,19,2,1,"black"
1919,1.5,0,48,0.8,150,4,6,1391,12,1,1,"white"
501,2.3,0,54,0.3,131,4,19,2346,2,1,1,"black"
1620,2.2,1,30,0.2,185,3,3,606,18,0,1,"black"
1227,1.1,1,34,0.2,130,3,3,1324,12,1,0,"black"
1359,0.5,1,58,0.5,107,6,3,1076,4,0,1,"white"
1914,0.7,0,35,0.6,118,8,2,643,8,1,0,"white"
1645,1.8,0,21,0.7,123,7,2,783,20,0,0,"black"
1063,1.1,0,26,0.8,101,5,2,3809,5,3,1,"white"
946,2.1,0,19,0.2,154,8,0,2104,16,1,1,"gray"
1231,1.2,1,54,0.8,185,3,10,1762,6,1,0,"gray"
1397,2.9,1,9,0.5,87,6,18,3137,11,3,0,"black"
701,0.7,0,15,0.5,160,3,11,1756,17,1,0,"gray"
570,0.5,1,9,0.3,111,7,5,3663,14,3,0,"black"
1993,0.5,0,27,0.3,147,8,11,2437,9,2,1,"gray"
955,0.5,1,43,0.9,143,5,8,1432,9,1,0,"black"
924,0.5,1,47,0.3,167,8,6,1620,12,1,1,"gray"
600,0.5,0,14,0.8,112,5,2,1655,9,0,0,"black"
518,0.8,1,3,0.1,178,7,1,2832,8,2,0,"black"
1063,2.5,0,31,0.9,95,6,10,961,5,0,1,"gray"
920,0.5,0,46,0.8,149,3,3,2608,2,2,0,"black"
1715,1.9,0,3,0.1,171,5,6,514,13,0,1,"white"
1841,1.3,1,14,0.6,167,8,8,2304,18,2,0,"black"
543,0.5,1,60,0.7,132,5,7,933,5,0,1,"gray"
1762,2.7,1,25,0.9,189,1,14,1896,20,1,1,"black"
1112,0.5,1,53,0.6,121,4,16,3655,20,3,0,"white"
709,2,1,35,0.1,136,1,0,1973,16,1,0,"white"
1315,2.6,0,64,0.8,128,7,16,3278,13,2,0,"gray"
1762,2.5,0,15,0.3,107,8,11,2183,11,2,1,"black"
1462,1.7,1,25,0.2,182,7,18,824,13,0,0,"gray"
571,1.6,1,35,0.2,186,7,20,2598,8,1,0,"black"
666,0.5,1,54,0.4,81,3,13,1254,9,0,1,"black"
1994,1.5,1,7,0.5,146,8,7,3622,20,3,1,"gray"
1583,2.1,1,14,0.7,148,7,16,1704,2,2,0,"black"
1778,1.4,1,45,1,132,4,17,1624,9,1,1,"black"
1926,1.1,0,50,0.2,179,6,17,3809,17,3,1,"gray"
966,0.6,0,50,0.2,117,4,10,2574,5,2,1,"white"
568,2,0,36,0.3,179,3,4,950,9,0,0,"black"
1897,3,0,21,0.5,192,8,2,273,3,0,1,"white"
1695,0.5,1,46,0.7,200,3,9,446,15,1,1,"black"
1623,1.2,0,61,0.9,120,7,12,1510,17,2,1,"black"
914,0.5,0,26,0.7,147,4,0,1122,2,0,1,"white"
1721,0.5,1,33,0.5,128,4,5,707,5,0,1,"black"
890,2.2,1,44,0.5,198,8,13,751,3,0,0,"white"
600,0.5,0,48,0.8,191,3,7,3393,8,2,0,"black"
1677,1.8,1,11,0.7,124,6,8,3771,12,3,0,"white"
723,0.5,0,3,0.2,168,4,3,1851,16,1,1,"gray"
638,1.7,1,27,0.5,102,4,17,2735,9,2,0,"gray"
852,1,1,62,0.7,104,7,13,2253,7,1,1,"black"
1979,1.6,1,32,0.2,165,7,1,452,14,0,0,"white"
710,0.5,0,32,0.8,151,5,9,1419,18,0,0,"white"
1034,2.6,1,45,0.3,190,3,4,969,7,0,1,"black"
600,2.5,1,22,0.1,145,1,11,3441,5,2,1,"black"
1027,0.5,0,64,0.9,103,2,7,3786,12,3,1,"black"
1260,0.6,0,13,1,106,6,6,2710,8,2,1,"gray"
1793,1.8,1,12,0.5,169,6,17,3533,15,3,0,"white"
675,2.3,0,60,0.9,144,5,15,1735,13,0,0,"gray"
658,2.7,0,12,0.9,103,7,3,3587,20,3,1,"gray"
1694,0.6,0,34,0.3,102,7,7,2298,2,2,1,"gray"
804,0.8,1,41,0.9,89,1,13,2027,11,1,1,"black"
1713,2.5,1,27,0.9,127,7,3,2406,20,2,0,"white"
706,0.5,0,31,0.1,108,3,19,2419,4,1,1,"gray"
1362,0.5,0,25,0.8,131,7,9,995,18,0,0,"white"
1527,2.7,0,60,0.1,154,5,14,2078,11,2,1,"gray"
768,0.5,1,19,0.9,159,2,1,1145,7,0,0,"gray"
1314,2.9,1,41,0.1,155,4,12,626,4,0,1,"white"
705,0.5,0,57,0.9,155,6,9,1509,18,1,1,"gray"
1403,2.7,0,26,0.1,164,5,3,3371,9,3,1,"black"
1486,2.6,0,52,0.1,85,4,15,297,15,0,0,"white"
781,1.1,0,38,0.4,198,5,7,3508,5,3,0,"black"
986,1.5,0,23,0.8,183,8,3,2385,19,1,1,"gray"
1310,1.4,0,33,0.4,105,1,14,1301,19,1,0,"black"
560,2,1,57,0.3,81,3,12,2167,7,1,1,"white"
1348,1.3,0,43,0.4,116,5,6,3914,8,3,0,"white"
1567,0.5,1,22,0.5,119,6,6,2312,18,2,0,"black"
1940,0.9,1,17,0.7,93,5,7,2297,8,2,0,"black"
1979,2.9,1,19,1,176,3,9,411,2,0,1,"black"
561,2.1,1,2,0.1,193,3,13,665,4,0,1,"white"
1717,1.3,0,62,0.7,130,1,3,3226,5,3,0,"black"
535,1.5,0,48,0.7,113,1,4,740,18,0,1,"white"
1413,0.5,1,39,0.1,185,5,12,3878,4,3,1,"gray"
1358,2.5,1,20,0.6,135,7,0,3406,11,3,0,"white"
1519,2.9,0,30,0.7,112,7,8,2440,10,2,0,"white"
1254,1.2,1,50,0.7,108,5,6,3959,17,3,0,"black"
1591,2.2,0,49,0.4,154,6,7,3703,20,3,1,"black"
977,2.8,1,35,0.6,165,2,15,3714,10,3,0,"gray"
1640,0.7,0,21,0.8,169,7,14,337,5,0,1,"gray"
663,0.8,1,25,0.6,183,2,1,3176,2,2,0,"black"
1744,1,0,20,0.5,112,8,3,1205,14,1,1,"white"
1624,1.6,1,28,0.4,150,2,10,2473,2,2,0,"white"
1108,1.3,1,2,0.3,169,7,20,1229,4,0,1,"gray"
1188,1.4,1,9,0.6,114,2,0,2896,16,3,1,"white"
817,1.3,0,11,0.5,144,3,11,2039,19,1,0,"white"
863,1.6,1,6,0.7,133,4,13,520,18,0,1,"gray"
1397,2.4,1,3,0.2,121,3,15,1378,4,1,1,"black"
1108,1,0,49,0.7,140,5,12,3254,16,3,0,"white"
1068,2,1,37,0.9,184,7,13,1803,7,1,1,"black"
1702,2.3,0,52,0.5,145,2,15,2501,4,3,1,"black"
808,0.5,1,8,0.1,192,4,1,3762,12,3,0,"black"
1156,0.5,0,61,0.1,89,7,9,1796,13,1,0,"gray"
1271,0.5,1,54,0.1,159,8,3,990,6,0,0,"gray"
696,0.5,0,51,0.3,197,3,8,2630,9,1,0,"black"
1981,1.9,1,45,0.3,175,6,18,1380,13,1,0,"black"
614,1.7,1,58,0.2,128,7,2,3487,11,2,1,"white"
1590,0.6,1,7,0.3,122,3,17,1201,18,1,0,"black"
1945,1.6,0,21,0.7,113,3,10,3015,15,3,0,"black"
1135,2.8,1,43,0.4,158,1,11,3204,6,3,0,"white"
1049,0.6,1,2,0.3,172,6,10,433,6,0,1,"gray"
1807,2.1,0,49,0.8,125,1,10,1906,13,2,0,"gray"
984,0.5,0,42,0.8,98,7,17,898,13,0,1,"black"
720,1.4,1,61,0.6,96,7,8,2799,15,3,1,"white"
1536,0.8,0,13,0.3,105,7,20,2020,16,2,0,"white"
771,0.5,0,25,1,86,4,6,770,20,0,0,"black"
503,2.5,0,57,0.6,185,6,11,305,16,0,0,"gray"
675,2.4,0,42,0.6,187,7,2,2953,13,2,0,"gray"
1936,1.9,1,34,0.2,182,7,14,1671,9,1,1,"white"
1303,1,1,15,0.1,138,3,10,2574,14,2,1,"black"
1004,2.9,1,35,0.2,141,6,9,3772,18,3,0,"white"
1972,1.2,1,37,0.7,102,2,1,2870,17,3,0,"gray"
1822,1.2,0,8,0.2,195,6,0,2577,8,2,0,"gray"
1159,2.8,0,18,0.5,83,1,7,2246,3,1,1,"white"
1782,2.8,1,58,0.8,157,1,13,2405,16,2,1,"black"
894,2.1,1,16,0.7,168,8,20,3377,6,2,0,"black"
1884,2.1,1,43,0.8,185,1,18,3619,7,3,1,"gray"
1648,0.5,0,17,0.9,142,2,3,1184,2,1,1,"white"
798,2.4,0,4,0.2,96,3,9,2965,14,2,0,"white"
802,2.4,1,45,0.8,157,3,9,3713,8,3,0,"black"
1276,2.9,1,53,0.3,130,2,3,3798,8,3,0,"black"
1331,1.6,0,16,0.5,165,2,7,1026,20,1,0,"black"
1620,2.6,1,5,0.9,186,6,18,1086,13,1,0,"gray"
1996,2.5,0,51,0.4,122,4,9,2236,12,2,1,"white"
1092,2.7,1,45,0.8,185,1,10,1303,20,1,0,"gray"
1018,0.7,1,63,0.1,155,5,18,3048,2,2,0,"white"
545,0.5,0,11,0.3,131,3,1,616,19,0,1,"gray"
554,1.3,0,12,0.1,105,6,10,3764,4,2,0,"black"
1264,2.9,1,34,0.2,171,3,3,419,3,0,1,"black"
1030,1.6,1,58,0.2,138,6,20,2858,18,3,1,"black"
1432,1.7,1,39,0.3,164,4,18,504,10,0,1,"white"
558,2.8,0,49,0.8,142,5,4,392,8,0,1,"gray"
829,0.5,0,56,0.6,129,7,1,820,11,0,0,"black"
1741,1.8,0,14,0.7,143,8,0,3387,3,3,0,"white"
1849,2.3,0,15,0.4,144,5,19,3447,19,3,1,"black"
733,2.1,0,7,0.2,174,7,10,1403,2,0,1,"black"
1872,0.9,1,16,0.5,80,2,2,2295,16,2,0,"white"
1853,0.5,1,27,0.3,197,6,13,1973,8,2,0,"black"
1149,2.2,0,30,0.2,106,6,5,3755,8,3,0,"black"
891,0.5,1,25,0.3,196,2,19,2073,10,1,1,"white"
1911,2,0,64,0.6,163,8,8,3872,11,3,1,"gray"
550,0.5,0,23,0.1,145,2,17,302,8,0,1,"gray"
576,0.8,0,27,0.1,121,2,4,1519,8,1,1,"white"
1760,1.9,0,50,0.8,198,1,2,2549,4,2,1,"black"
969,2.4,0,45,0.3,124,7,0,404,19,0,0,"black"
1160,1.1,0,63,0.7,166,3,2,595,15,0,1,"gray"
827,1.1,1,18,0.9,160,2,16,1663,17,0,1,"black"
1786,0.5,0,58,0.7,161,7,10,2764,7,3,1,"black"
774,0.6,1,8,0.4,136,1,4,2614,14,2,1,"gray"
819,2.5,1,11,0.2,83,8,1,1094,15,0,1,"black"
1042,2.2,0,11,0.6,139,5,16,2826,2,2,1,"white"
1368,3,1,50,0.2,97,7,18,2496,5,2,0,"gray"
1592,2.1,0,50,0.1,181,2,17,2103,7,1,1,"white"
1067,1.8,1,14,0.2,146,1,15,966,13,0,0,"black"
1892,0.7,0,47,0.4,110,4,10,2172,3,2,0,"black"
915,1.1,0,56,0.6,187,8,17,905,12,0,0,"gray"
774,2.8,0,55,0.9,124,3,18,3916,12,3,1,"black"
1848,1.4,1,42,0.7,179,2,10,3902,3,3,1,"black"
1501,1.1,0,2,0.2,187,1,15,2487,16,2,1,"black"
1614,1.9,0,55,0.3,188,3,17,3914,13,3,1,"black"
911,2.9,0,46,0.1,181,5,1,363,17,0,0,"black"
1520,0.5,0,24,0.7,199,5,8,3233,4,3,1,"black"
1647,1.4,1,38,0.3,102,6,15,2532,15,2,1,"white"
1347,0.9,1,53,0.8,108,6,15,3836,14,3,1,"white"
967,1.6,0,25,0.6,92,8,9,3076,18,2,0,"black"
1442,2.2,0,56,0.7,145,5,3,1513,7,2,1,"gray"
1204,2.6,0,10,0.3,199,7,3,1724,19,1,0,"gray"
1320,2.1,1,41,0.6,144,7,2,542,14,0,1,"black"
1800,0.7,0,8,0.4,100,7,6,3481,8,3,1,"black"
1567,2.1,1,22,0.8,153,3,19,3991,10,3,0,"white"
1439,0.9,0,20,0.8,147,1,17,1790,15,1,1,"gray"
1422,1,0,3,0.1,112,1,17,509,3,0,0,"black"
1591,2.2,1,52,1,161,3,16,282,14,0,1,"white"
880,1.7,0,6,0.6,198,4,19,3006,3,2,0,"gray"
1929,0.5,1,19,1,163,6,2,1913,6,1,1,"white"
1642,1.6,1,5,0.4,102,5,2,1333,2,2,0,"gray"
1511,2.5,1,21,0.2,114,3,18,3746,5,3,0,"gray"
1312,1.3,0,10,0.6,163,2,9,3941,13,3,1,"gray"
1852,1.4,0,10,0.7,196,1,18,3970,11,3,1,"gray"
972,1.3,0,44,0.7,82,7,10,3925,7,3,0,"gray"
691,2.7,1,33,0.9,108,4,8,424,15,0,1,"black"
807,0.5,0,8,0.3,158,5,20,1284,2,0,0,"black"
1113,0.6,1,25,0.3,145,1,10,277,12,0,0,"black"
721,1.3,1,16,0.9,125,1,18,1713,4,1,0,"gray"
1188,1.5,1,54,0.3,198,6,2,485,7,0,0,"white"
1512,0.5,0,52,0.1,131,1,14,3002,7,2,0,"white"
805,0.7,0,64,0.1,97,4,14,418,17,0,0,"black"
918,0.9,1,8,0.1,123,7,5,1652,14,1,0,"black"
1320,0.5,1,48,0.2,168,5,16,2893,9,2,0,"white"
1236,0.9,1,57,0.1,188,1,14,1406,20,0,1,"black"
1387,0.5,0,61,0.5,98,3,0,629,11,0,1,"black"
1883,2.7,1,30,0.5,95,2,10,3724,20,3,1,"black"
839,2,1,14,0.4,175,7,3,3835,11,3,0,"white"
1593,1,0,52,0.7,130,8,0,1354,13,1,1,"black"
1722,1,0,25,0.8,88,6,19,2376,19,3,0,"gray"
1954,0.6,1,7,0.9,126,3,9,3438,13,3,0,"black"
1788,0.5,1,2,0.3,150,6,20,2655,4,2,1,"white"
1628,0.5,0,33,0.9,101,6,8,3361,13,3,1,"white"
1965,0.5,0,4,1,84,7,9,3535,16,3,1,"black"
833,2.2,0,27,0.9,124,1,6,2150,7,1,0,"gray"
571,0.6,0,43,0.5,141,3,8,2587,18,1,1,"black"
1808,0.5,1,31,0.5,92,2,16,2736,8,3,0,"black"
1860,0.5,1,55,0.7,83,6,3,676,4,0,1,"black"
1368,1.6,1,9,0.1,115,7,7,2941,17,3,0,"black"
1161,1.3,1,21,0.6,126,8,12,3336,14,3,1,"gray"
1224,1.6,0,33,1,157,1,18,3796,13,3,0,"white"
902,0.6,1,63,0.7,122,5,14,3654,15,3,0,"white"
787,0.5,0,11,0.6,93,1,16,2934,14,2,0,"black"
854,0.5,0,30,0.5,125,8,5,2889,11,2,0,"black"
1184,1.5,1,48,0.6,191,1,6,3315,14,3,1,"black"
1973,1.6,1,39,0.8,152,4,6,1993,5,2,1,"white"
510,1.7,1,35,0.8,120,3,6,2509,11,1,0,"black"
966,2,0,34,0.5,118,2,10,3534,11,3,1,"black"
1438,1.8,0,16,0.6,169,8,7,2246,15,2,0,"black"
1986,0.5,0,51,0.4,95,3,9,3165,13,3,0,"black"
1907,2,0,55,0.9,105,7,15,286,17,0,0,"gray"
1489,2.4,1,32,0.6,200,1,16,776,8,0,0,"black"
1843,1.8,1,16,0.7,134,6,18,3213,15,3,1,"gray"
825,1.5,0,38,0.4,94,3,18,716,14,0,0,"black"
1286,2.3,0,16,0.1,98,2,18,424,4,0,1,"black"
840,0.6,0,63,0.8,137,7,19,3486,18,3,1,"gray"
757,2.3,1,58,0.2,163,4,7,3237,9,2,1,"black"
814,1.1,1,41,0.8,177,2,10,1944,12,1,0,"white"
1195,1.1,1,8,0.9,80,6,6,643,19,0,1,"black"
767,0.8,0,10,0.5,107,4,12,2317,12,2,1,"gray"
1068,1.3,0,52,0.1,97,8,7,1436,15,1,1,"white"
994,2.8,1,56,0.5,173,3,3,3190,20,2,0,"gray"
1550,2.5,0,21,0.8,133,2,11,2338,15,2,0,"black"
1878,0.5,0,29,0.6,85,8,19,1334,2,1,0,"black"
623,2,0,6,0.1,127,3,4,3657,19,2,0,"gray"
1829,0.5,0,15,0.4,160,5,7,2080,12,2,1,"gray"
525,2.4,1,35,0.8,190,7,20,1609,3,0,0,"gray"
1065,0.5,0,14,0.7,89,2,2,3078,18,2,1,"black"
1425,1.2,0,35,0.7,127,8,14,590,6,0,1,"white"
1296,1.4,1,11,0.2,129,7,4,2552,10,2,0,"black"
642,2.8,0,34,0.8,197,2,15,3355,13,2,0,"gray"
1664,2.9,1,15,0.5,177,7,19,1968,9,2,1,"white"
1498,0.7,0,8,0.1,170,7,4,3358,19,3,1,"gray"
981,1.9,1,2,0.1,136,3,7,1539,19,0,0,"gray"
1236,2.8,0,32,0.3,143,4,18,942,14,0,1,"black"
1673,2.8,1,9,0.1,187,3,10,3669,10,3,0,"black"
712,1.6,0,9,0.8,172,2,14,3612,4,3,1,"black"
569,0.5,1,4,0.8,170,3,19,2351,10,1,1,"gray"
603,0.7,1,64,0.2,156,6,0,604,8,0,1,"gray"
1332,0.8,1,11,0.5,187,2,4,1285,9,1,0,"black"
1413,0.6,0,13,0.1,128,1,0,515,18,0,1,"black"
1064,2.9,1,34,0.2,184,6,13,654,6,0,1,"gray"
1444,0.6,0,48,0.5,82,5,17,2540,15,3,0,"gray"
1366,1.7,1,53,0.2,161,5,9,3869,14,3,1,"white"
906,2.1,1,18,0.1,136,2,11,3412,16,3,0,"gray"
1554,2.7,1,47,0.7,185,5,12,509,19,0,1,"black"
1187,2.3,0,21,0.2,122,6,6,2547,5,2,1,"black"
1156,2.7,1,30,0.9,173,3,16,2735,13,2,1,"gray"
1918,2.8,0,22,0.3,139,1,5,1369,6,1,0,"gray"
841,0.5,1,39,0.1,199,6,13,2942,16,2,0,"gray"
730,1.3,1,6,0.9,167,7,10,2812,17,2,0,"white"
878,1.3,0,31,0.5,153,4,18,3497,11,2,1,"black"
1059,0.5,1,50,0.7,182,8,1,619,18,0,0,"gray"
1578,2.9,0,3,0.9,200,1,20,3483,16,3,0,"white"
1829,1.7,0,36,0.8,112,5,1,1475,7,1,0,"gray"
1132,1,0,8,0.1,157,1,4,1950,6,1,0,"white"
1652,0.6,1,40,1,198,7,6,3592,6,3,1,"black"
912,0.5,1,58,0.3,107,5,1,3573,20,3,0,"black"
1181,2.3,0,61,0.6,116,2,16,2020,18,1,1,"black"
1497,0.7,0,32,0.7,92,3,9,1329,7,2,0,"white"
1790,2.3,1,49,0.5,100,3,11,3568,18,3,1,"gray"
1742,1.6,0,49,0.8,100,1,9,1947,6,2,0,"gray"
1549,0.5,0,8,0.4,158,5,7,1998,15,2,0,"black"
1372,2.7,0,34,0.4,193,4,17,725,20,0,0,"black"
1112,0.5,0,12,0.9,190,4,6,3302,20,3,1,"black"
1005,0.5,0,46,0.4,133,8,17,3884,20,3,0,"black"
783,1.7,1,27,0.3,150,6,11,1185,6,0,1,"white"
1698,2.5,0,26,0.4,105,2,18,1656,17,2,1,"white"
899,2.7,0,53,0.3,192,4,11,2870,10,2,1,"white"
1062,1.5,0,45,0.2,151,3,4,911,9,0,0,"black"
989,2,0,17,0.2,166,3,19,3892,19,3,0,"black"
1983,1.2,1,27,0.6,125,1,11,3897,10,3,1,"black"
1800,3,0,53,0.3,87,1,12,656,18,0,0,"gray"
1254,1.7,0,45,0.4,146,3,3,606,2,1,1,"gray"
868,1.7,0,30,0.8,83,4,0,1653,17,1,0,"white"
1205,0.5,1,12,0.6,175,4,6,860,14,0,0,"black"
1284,2.8,1,10,0.9,155,2,14,2197,9,1,0,"black"
626,0.7,1,23,0.5,187,2,9,3458,11,2,1,"black"
1763,2.9,1,53,0.2,101,4,20,2066,17,1,1,"black"
694,1.8,1,36,0.4,193,4,20,3676,5,3,0,"black"
1265,0.6,1,49,0.5,90,1,5,1518,8,1,1,"gray"
816,0.5,0,14,0.9,198,3,13,1018,15,0,0,"black"
904,1.8,0,35,0.4,168,3,4,1360,11,0,1,"white"
979,0.5,1,5,0.5,164,7,2,3449,14,3,1,"black"
1531,2,0,60,0.4,162,6,1,2524,7,2,1,"gray"
934,2,1,30,0.7,182,8,15,703,7,0,0,"gray"
1624,2.6,1,58,1,200,3,11,1251,18,1,0,"black"
874,1.3,0,8,0.5,185,1,20,582,15,0,0,"white"
1027,2.2,0,63,0.8,102,5,4,1732,13,1,0,"black"
1966,0.8,1,48,0.2,144,1,16,1252,19,2,1,"black"
1048,1.5,0,29,1,182,1,4,2146,2,1,1,"gray"
1496,1.9,1,38,0.1,126,4,14,1927,6,1,0,"black"
959,1.7,0,13,0.4,155,4,16,3328,10,2,0,"white"
1349,2.2,1,55,0.1,105,7,7,2462,17,2,0,"black"
1689,2.4,1,13,0.9,168,2,9,1172,17,0,1,"white"
1558,2.4,0,27,0.1,146,1,1,3598,12,3,1,"black"
582,0.5,1,27,0.2,168,3,10,2437,2,2,0,"black"
1485,2.8,0,44,0.1,138,4,14,3271,8,3,1,"white"
1991,1.8,0,9,0.7,94,3,12,1511,9,1,0,"white"
553,0.5,1,23,0.5,119,3,3,2981,14,2,1,"black"
1231,0.7,1,7,0.9,113,1,7,3119,15,3,0,"gray"
805,0.8,0,34,0.6,88,6,2,3647,9,3,0,"black"
764,1.2,1,13,1,152,8,2,3148,6,2,0,"black"
894,0.9,0,54,0.2,130,3,15,2829,13,2,1,"white"
1589,2.6,0,46,0.4,84,3,16,2373,20,2,0,"white"
1456,1.6,1,39,0.1,80,8,10,3998,13,3,1,"gray"
743,0.5,1,33,0.3,95,2,1,316,4,0,1,"white"
1061,2.1,0,52,0.1,109,7,4,999,9,0,1,"gray"
1428,1.6,0,7,0.1,153,4,2,1808,13,1,0,"white"
674,2.8,1,8,0.2,93,3,0,589,4,0,1,"gray"
832,1.1,0,46,0.3,93,6,0,3317,19,3,1,"black"
1625,0.5,1,50,0.1,107,8,17,670,8,0,1,"gray"
907,1.4,1,42,0.2,151,1,16,584,6,0,0,"black"
1631,0.5,0,13,0.5,166,2,16,2173,8,2,1,"black"
1584,1.3,0,41,0.6,135,4,15,1561,17,1,0,"white"
1382,0.5,0,13,0.3,199,2,18,2073,9,1,1,"black"
633,1.4,0,46,0.7,102,6,10,1401,11,1,1,"white"
1444,2.1,0,38,0.4,104,7,16,3764,10,3,0,"white"
852,1.6,1,54,0.4,147,5,7,1275,12,0,1,"gray"
922,0.7,0,47,1,157,8,14,1464,12,1,1,"black"
1745,1.5,1,57,0.1,159,3,16,2885,5,3,1,"black"
862,2.3,0,6,0.1,107,8,14,3458,9,3,1,"gray"
1754,2.1,1,52,1,101,4,3,3019,19,3,1,"gray"
1008,2.5,0,36,1,109,1,14,1083,6,1,0,"white"
1569,0.5,1,33,0.2,147,1,13,3538,15,3,0,"black"
1596,2.9,1,7,0.7,149,2,9,2493,13,2,0,"white"
1807,0.5,1,61,0.1,134,6,6,3726,15,3,1,"white"
1660,2.8,1,7,0.8,184,1,6,1531,7,1,0,"black"
1861,0.9,0,55,0.5,148,7,8,601,4,1,1,"black"
648,1.9,1,8,1,91,5,19,2991,4,2,0,"gray"
1379,0.5,1,19,0.3,134,8,17,3912,19,3,0,"gray"
1910,1.7,0,34,0.6,115,2,0,309,10,0,0,"gray"
1807,2,1,13,0.5,155,8,0,323,3,0,1,"white"
1923,0.5,1,46,0.5,191,1,10,1489,3,1,0,"gray"
1345,3,0,38,0.1,162,3,11,1322,15,1,1,"gray"
904,1.6,1,14,0.2,102,8,9,1846,3,1,1,"black"
1239,1.2,1,52,0.9,122,2,10,417,6,0,1,"black"
1330,0.9,0,52,0.8,84,4,12,3269,8,3,1,"gray"
516,0.7,1,30,0.9,138,1,12,3731,15,2,0,"gray"
672,0.5,1,54,0.9,95,4,11,667,14,0,0,"black"
892,0.5,0,47,0.4,94,1,18,1241,9,1,1,"gray"
1778,0.5,0,23,0.5,101,6,11,3941,13,3,1,"black"
1130,2.5,0,58,0.1,132,5,14,1018,16,0,1,"white"
1359,0.6,0,59,0.3,86,2,6,3142,17,3,0,"black"
1866,2.5,1,47,0.8,89,5,9,1444,20,1,1,"gray"
1597,2.3,0,34,0.4,89,1,14,934,9,0,0,"gray"
1046,2.8,1,58,0.2,100,8,0,3863,9,3,1,"black"
1035,0.6,1,44,0.5,99,3,3,3506,12,3,1,"gray"
1175,1.3,0,19,0.3,164,7,9,1944,9,1,0,"black"
1261,0.5,1,11,0.2,90,4,0,348,14,0,1,"black"
1068,0.7,1,51,0.5,124,4,15,550,6,0,0,"black"
1713,3,1,20,0.9,104,7,17,971,10,0,1,"white"
1688,2.5,0,21,0.2,170,7,0,3984,8,3,1,"gray"
1413,0.5,1,45,0.4,104,5,6,2973,15,3,1,"gray"
559,0.5,0,11,0.4,82,5,14,2019,16,1,0,"black"
1483,2.6,1,19,0.6,146,7,19,1587,19,1,0,"white"
860,1.6,1,48,0.5,187,7,18,1870,18,1,0,"gray"
1090,1.3,1,27,0.1,91,4,16,1352,11,1,0,"white"
686,0.5,0,3,0.3,91,6,15,570,19,0,0,"white"
818,1.3,0,43,0.9,177,6,15,546,7,0,0,"gray"
1456,1.6,1,49,0.2,193,3,20,3624,16,3,0,"white"
774,0.5,1,10,0.5,188,2,9,2944,2,2,1,"black"
1068,0.5,1,19,0.9,197,8,9,1209,12,0,1,"black"
1373,1.9,1,29,0.9,141,6,12,2752,7,3,1,"white"
1777,3,0,20,0.6,188,6,5,3868,7,3,0,"black"
594,0.8,0,28,0.1,132,5,3,3087,4,2,1,"white"
1524,2.6,1,57,0.5,124,2,12,947,16,0,0,"black"
511,0.6,1,50,0.1,175,3,16,1484,8,0,0,"black"
1402,0.6,1,46,0.3,87,7,12,347,12,0,0,"white"
965,0.5,0,53,1,131,8,19,3227,8,2,0,"white"
1270,2.3,0,58,0.5,104,5,1,3299,16,3,0,"gray"
919,0.5,1,13,0.3,159,1,15,1028,17,0,0,"black"
1963,1,0,34,0.1,157,2,17,714,2,1,1,"white"
1977,1.3,1,31,0.4,173,8,6,2641,7,3,0,"white"
1881,2.2,0,51,0.3,158,5,7,1229,14,1,0,"white"
683,0.7,0,19,0.9,173,4,17,2622,5,2,0,"gray"
772,2.6,1,6,0.1,100,2,10,929,18,0,0,"black"
536,1.4,0,53,0.7,135,3,0,1211,7,0,1,"black"
1694,1.8,0,53,1,186,6,0,1653,6,2,0,"white"
1633,1.7,1,33,0.9,111,2,19,511,7,0,1,"white"
1371,0.5,0,52,0.5,167,4,19,3034,8,2,0,"gray"
551,2.8,0,54,0.1,172,7,15,1414,19,0,1,"black"
1221,0.5,0,28,0.5,139,1,7,2438,10,3,1,"gray"
1000,0.5,0,63,0.7,179,8,18,3744,7,3,0,"black"
1986,2.7,1,64,0.2,162,4,20,1377,15,1,1,"white"
1119,0.5,1,23,0.4,164,4,1,3520,7,3,1,"black"
1699,0.5,1,59,0.5,97,4,3,3796,12,3,0,"white"
1099,0.5,0,61,0.3,146,3,20,1699,3,1,1,"black"
1576,2.6,0,58,0.2,90,3,16,336,13,0,0,"white"
950,0.5,0,55,0.1,156,5,10,1095,13,0,0,"gray"
1081,2.5,1,49,1,99,3,17,325,6,0,0,"black"
606,2.5,0,53,0.2,146,4,2,1223,7,0,1,"gray"
502,1.5,1,37,0.2,199,2,12,1649,14,1,0,"gray"
957,0.7,0,4,0.1,160,2,0,1898,3,1,1,"white"
1658,1.4,1,38,0.3,159,5,0,2609,19,2,1,"white"
1681,2.5,1,18,0.3,167,1,7,2265,20,2,0,"black"
1983,0.5,1,43,1,87,6,10,2775,3,2,0,"white"
1753,1.2,0,12,0.9,113,7,17,1445,12,1,1,"white"
1632,1.4,0,41,0.1,132,4,1,2614,15,2,0,"black"
1949,1.4,0,57,0.3,145,7,11,356,19,0,0,"black"
1696,1.7,0,13,0.9,97,3,2,523,4,0,0,"gray"
688,2.5,1,57,0.8,131,7,3,3745,4,3,0,"black"
1104,1.7,0,60,0.4,199,2,13,1229,3,0,1,"black"
1122,2.8,0,28,0.6,184,3,4,1402,3,1,0,"white"
504,0.5,1,46,0.9,172,5,14,2085,8,1,1,"white"
1154,0.5,0,14,0.7,156,7,14,587,4,0,1,"black"
1727,2.1,0,63,0.6,85,7,8,2457,7,3,1,"black"
1674,2.8,1,52,0.2,89,3,7,2030,6,2,1,"gray"
1948,2.8,1,18,0.2,135,2,14,816,3,0,1,"gray"
1218,2.8,1,39,0.8,150,7,14,1667,12,1,0,"black"
531,1.1,0,63,0.7,189,7,14,2958,19,2,0,"white"
1057,2.1,0,5,0.5,154,5,13,3705,13,3,0,"gray"
576,1.2,0,30,0.8,162,8,5,2800,16,2,0,"black"
1960,2.1,0,7,0.2,165,7,9,3773,6,3,0,"gray"
673,1.7,1,22,0.1,88,1,5,2050,17,1,1,"gray"
718,0.7,1,21,0.8,88,1,7,1754,9,1,1,"black"
864,1.7,0,35,0.3,103,3,7,1904,13,1,1,"gray"
547,1.9,1,37,0.4,154,5,4,2705,10,1,0,"white"
623,0.9,0,3,0.1,102,8,7,3537,3,3,1,"white"
1793,0.7,1,27,0.4,154,5,13,1370,19,1,0,"gray"
1720,0.7,1,19,0.1,137,2,3,1222,7,1,0,"white"
812,0.5,1,64,1,106,4,7,3102,2,2,0,"gray"
980,0.5,0,33,0.9,160,6,0,2268,4,2,1,"gray"
643,1,0,18,0.2,187,8,12,2648,18,1,1,"gray"
1925,3,1,16,0.8,175,8,11,2173,19,2,1,"gray"
1408,2.5,0,32,0.1,151,4,6,3162,3,3,0,"black"
1522,0.7,1,28,0.2,124,1,5,1368,17,1,0,"gray"
587,2.5,0,51,0.6,111,1,17,2746,7,2,1,"white"
1959,0.5,1,18,0.7,191,6,20,619,8,0,0,"white"
1872,0.5,1,17,0.7,89,6,6,724,9,1,0,"gray"
1043,0.5,0,42,0.1,111,3,8,912,6,0,0,"black"
1809,0.5,0,23,0.7,123,6,19,2784,20,3,0,"black"
1703,0.5,0,23,0.2,92,6,7,793,17,0,1,"gray"
1095,0.5,0,45,0.5,197,1,5,560,10,0,0,"white"
1414,2.6,0,27,0.6,137,4,20,312,8,0,0,"black"
1659,2.5,0,41,0.1,88,7,18,545,9,0,0,"black"
1540,0.7,1,60,0.8,197,7,12,1591,2,1,0,"white"
1342,1,0,31,0.6,86,7,1,2746,10,3,1,"black"
1189,2.3,0,8,0.5,198,3,14,893,13,0,0,"white"
518,2.4,0,62,0.6,128,6,0,2514,7,1,1,"black"
1449,0.8,1,10,0.2,144,1,12,1032,8,1,1,"black"
516,1.1,1,39,0.4,91,5,7,819,10,0,1,"black"
1569,0.8,1,59,0.9,111,3,16,3672,15,3,0,"black"
1312,0.8,1,24,0.9,156,6,0,3833,17,3,0,"gray"
1893,0.5,1,23,0.1,179,8,3,1482,17,2,0,"white"
1076,2.5,0,14,0.2,105,5,4,2043,14,1,0,"gray"
530,2.6,0,40,0.9,118,6,2,1229,2,0,0,"gray"
1044,2.8,1,33,0.6,129,4,13,1816,15,1,0,"black"
1330,1.1,0,37,0.7,126,7,20,2166,4,2,0,"white"
1836,1.1,1,14,0.7,104,5,1,2469,7,2,0,"black"
1741,0.5,0,55,0.1,140,5,3,2575,7,2,1,"black"
1869,2.6,0,30,0.4,152,1,13,1375,19,1,1,"gray"
1331,0.5,0,55,0.9,146,3,15,1732,11,1,0,"white"
1655,0.5,1,4,0.1,105,3,12,673,12,0,1,"gray"
605,1.5,0,18,0.9,162,2,14,2301,8,1,1,"black"
1245,0.6,0,30,0.7,105,5,3,2676,7,2,0,"gray"
1709,0.8,0,58,0.8,136,2,10,1781,17,2,1,"black"
846,2.6,0,58,0.1,123,4,15,2248,13,2,1,"white"
1403,2.5,1,62,0.9,90,4,13,921,18,0,0,"gray"
688,1.5,0,2,1,89,3,2,391,8,0,0,"gray"
775,2.5,1,10,0.1,185,7,14,1719,18,1,1,"white"
1154,2,0,35,0.8,159,5,16,3262,16,3,1,"white"
1375,0.5,1,35,0.1,194,2,3,1947,15,1,1,"white"
1827,0.8,0,61,0.9,130,7,9,2693,7,3,0,"white"
1697,0.5,0,60,0.1,90,4,0,441,11,0,1,"black"
741,1.5,0,14,0.3,178,5,13,1886,9,0,0,"black"
1672,0.5,1,32,0.7,174,1,20,1267,20,1,1,"black"
514,0.7,0,57,0.1,186,3,7,687,20,0,0,"gray"
1375,1.3,1,12,0.1,105,1,13,2890,12,3,0,"white"
989,1.8,1,55,0.7,124,1,12,1737,10,1,1,"gray"
1510,2.5,1,47,0.7,138,2,13,887,5,0,0,"black"
1266,2.6,0,18,0.4,86,7,2,398,3,0,0,"white"
1396,2.4,1,46,0.1,138,7,1,2389,15,2,0,"black"
808,2.3,0,45,0.8,161,1,9,3431,13,3,0,"white"
1542,2.3,0,43,0.8,182,2,11,3601,16,3,0,"black"
745,0.6,1,35,0.8,102,8,10,2459,16,1,0,"white"
1735,1.9,1,59,0.7,148,6,0,3230,9,3,1,"white"
586,0.5,1,57,0.3,188,2,5,3646,11,3,0,"gray"
1341,2.1,1,36,0.4,107,8,1,2200,15,1,0,"black"
781,1.3,1,64,0.2,88,2,7,3862,9,3,0,"black"
501,0.5,1,22,0.5,174,6,20,3077,17,2,0,"black"
1224,1.8,1,44,0.2,139,2,9,621,14,0,1,"black"
1970,1.6,1,58,0.3,80,8,19,2372,2,2,1,"black"
618,2.2,1,63,0.9,138,2,1,2574,5,2,1,"white"
1537,2.9,0,46,0.8,158,4,17,2857,2,3,1,"black"
1018,2.2,0,16,0.6,153,8,10,3143,20,3,0,"black"
1545,1.3,1,35,0.1,173,5,20,3197,6,3,1,"white"
1871,2.1,0,41,0.4,144,8,5,2727,11,3,1,"gray"
1729,2.1,1,12,0.9,186,1,6,1519,5,1,0,"black"
680,2.1,1,9,0.1,131,3,11,2438,17,2,1,"white"
1106,1.9,0,54,0.7,107,3,9,2674,9,2,0,"white"
635,0.6,1,50,0.3,97,5,13,2107,12,1,1,"gray"
618,0.6,0,16,0.2,143,1,14,2262,4,2,0,"white"
1671,0.5,1,5,0.9,179,8,18,815,10,0,0,"black"
1562,1.2,1,52,0.1,105,7,9,2829,3,2,1,"black"
1975,1.9,1,31,0.9,151,1,17,3022,19,3,0,"white"
831,0.7,0,62,0.7,134,8,9,2573,18,2,1,"black"
1524,1.8,1,10,0.6,174,4,1,2678,13,2,0,"gray"
1528,1.8,1,55,0.8,129,5,6,1282,11,1,1,"white"
1447,2.5,1,9,0.2,155,8,16,568,8,0,0,"black"
1344,1.5,0,14,0.5,190,1,3,2074,5,1,0,"black"
564,3,1,8,0.7,130,2,3,2227,14,1,0,"gray"
921,0.6,1,60,0.1,83,2,3,1080,6,0,0,"black"
1413,1.7,0,10,0.2,200,6,6,2867,15,2,0,"black"
831,2.4,0,55,0.5,86,6,12,1075,3,0,0,"white"
802,0.5,1,43,0.6,153,5,6,3063,4,2,0,"gray"
1923,1.3,0,24,1,86,4,4,2479,15,2,0,"black"
1193,3,0,56,0.4,196,3,17,2394,14,2,0,"white"
904,1.2,1,31,0.8,112,3,11,2814,19,2,1,"black"
1285,2.4,0,51,1,140,7,2,2094,10,1,1,"gray"
1635,2.6,1,2,0.6,182,4,0,2315,2,2,1,"black"
1923,1,1,14,0.9,154,4,6,2519,16,2,1,"white"
1851,1.9,1,12,0.9,198,6,11,735,14,0,1,"black"
727,1.5,0,32,1,131,7,1,1891,7,1,1,"black"
1396,1.5,1,44,0.1,118,6,1,1386,8,1,1,"gray"
877,1.3,1,46,0.8,135,1,14,3260,6,2,1,"black"
696,2.4,0,35,0.2,103,3,13,2022,4,1,1,"black"
1009,1,1,2,0.6,102,8,14,1716,15,1,0,"black"
1526,1.1,1,38,0.3,116,5,6,3317,8,3,1,"gray"
987,2,1,20,0.8,192,7,3,1454,8,0,0,"black"
1414,2.2,1,49,0.5,101,4,1,2290,12,1,1,"black"
1732,0.8,0,61,0.3,172,5,3,3940,20,3,0,"white"
1587,0.5,0,50,0.9,148,8,15,461,4,0,0,"white"
1097,0.8,0,21,0.1,160,7,15,2219,12,2,1,"black"
504,2.8,1,40,0.5,178,3,0,470,16,0,0,"black"
1159,2.7,0,28,0.2,80,8,18,2495,9,2,1,"black"
1910,1.4,0,29,0.6,146,7,2,2944,2,2,0,"gray"
865,1.2,1,59,0.1,159,3,9,2361,19,2,0,"black"
1930,2,0,16,0.8,186,8,12,1783,13,2,0,"black"
860,1.3,1,40,0.7,170,3,13,2832,20,2,1,"white"
1268,2.9,0,42,0.9,182,6,17,931,20,0,1,"black"
999,1.8,1,27,0.1,167,4,1,1344,5,0,1,"white"
622,0.7,0,9,0.3,127,2,0,3916,5,2,1,"gray"
1250,1.4,0,44,0.2,182,7,20,1882,14,1,0,"black"
763,0.5,0,51,0.3,104,5,12,2865,9,2,1,"white"
1100,1.6,0,15,0.1,112,8,14,757,16,0,0,"black"
815,2,1,51,0.3,85,6,12,3469,6,3,0,"black"
618,0.5,1,57,0.2,88,3,7,2399,17,1,1,"white"
553,2.2,1,18,0.7,136,2,1,3300,20,3,1,"gray"
673,2.2,1,3,0.4,84,2,9,2719,9,2,0,"gray"
563,2,1,47,0.3,115,7,12,3012,15,2,0,"white"
1590,1.5,1,14,0.5,187,4,15,2836,4,3,1,"black"
1031,2.1,1,11,0.1,121,2,9,2385,16,2,1,"black"
909,0.5,1,30,0.4,97,3,10,594,4,0,0,"black"
1880,0.5,0,7,0.6,104,4,1,2968,3,3,1,"black"
1479,1.8,1,24,0.1,146,6,0,3762,5,3,1,"gray"
1271,1.5,1,2,0.9,161,1,1,892,20,1,0,"white"
709,1.9,0,13,0.1,81,8,15,467,5,0,1,"gray"
1744,2.8,0,62,0.7,158,1,0,345,14,0,1,"white"
1314,2.2,0,40,0.8,116,7,1,3033,17,3,1,"gray"
1136,0.5,0,9,0.9,150,6,2,2110,16,2,1,"gray"
1039,2.7,0,56,0.3,125,8,13,3105,5,2,0,"black"
1300,0.5,0,62,0.1,156,6,7,874,10,0,0,"black"
732,2.3,1,39,0.6,188,7,11,3681,15,3,1,"gray"
511,0.7,1,52,0.7,180,2,10,3865,7,2,1,"gray"
1092,0.5,1,11,0.5,167,3,14,737,11,0,0,"gray"
921,2.2,1,10,0.1,170,7,18,3153,11,3,1,"black"
1030,0.5,0,37,0.7,147,1,8,2800,12,2,1,"black"
1130,1.8,1,27,0.9,101,1,8,315,11,0,0,"white"
1299,2.8,1,60,0.8,187,8,6,1412,20,1,0,"white"
1009,2.8,1,2,0.6,115,7,15,2286,13,2,1,"gray"
1735,1.8,1,34,0.1,140,2,17,2392,19,2,0,"black"
1129,2.8,1,49,0.5,185,2,2,1857,5,1,0,"gray"
708,1.9,0,26,0.3,116,7,1,1419,16,0,0,"black"
894,0.7,0,58,0.1,123,2,3,3305,2,2,1,"white"
530,2.4,0,32,0.3,88,6,20,959,6,0,0,"black"
1481,2,1,35,0.5,105,3,0,2635,4,2,0,"white"
1068,2.7,1,45,0.6,194,5,1,1754,9,1,1,"black"
1487,0.5,0,57,0.7,84,3,12,2563,14,2,1,"black"
1524,2.5,1,41,1,96,4,20,1936,9,1,1,"black"
1093,1.9,1,22,0.3,196,8,14,1869,4,1,1,"gray"
1816,1.6,1,50,0.1,186,5,2,3637,16,3,0,"black"
627,1.8,0,20,0.8,142,3,8,896,14,0,0,"black"
989,0.7,0,51,0.4,132,3,15,2349,20,1,1,"gray"
1895,0.5,0,5,0.7,134,1,11,774,6,1,1,"black"
805,1.7,1,58,0.9,168,3,10,3397,2,2,1,"black"
713,1.6,0,2,0.4,181,8,9,485,4,0,1,"black"
864,2.5,0,24,0.7,148,4,15,3964,12,3,1,"black"
1177,0.9,0,11,1,181,4,7,1887,11,1,0,"black"
582,0.5,0,32,0.7,107,3,11,2977,20,2,0,"gray"
1898,1.8,1,56,0.2,185,7,4,2114,19,2,1,"black"
1158,0.7,1,29,0.7,123,2,20,1542,15,1,1,"white"
1451,0.5,0,57,0.6,181,8,12,3038,18,3,1,"gray"
1820,1.4,0,51,0.9,163,7,10,2481,11,2,0,"gray"
984,0.5,1,9,0.8,140,3,20,841,16,0,1,"gray"
580,2.1,1,24,0.4,135,4,5,3565,8,2,0,"white"
1263,2,0,5,0.4,146,6,3,1958,4,2,0,"white"
1237,0.5,0,27,0.1,87,8,5,2454,8,2,0,"gray"
514,1.6,0,37,0.1,172,1,9,3392,5,3,1,"gray"
1515,2.6,0,56,0.9,184,3,1,262,20,0,1,"black"
721,0.5,1,6,0.4,194,4,9,530,8,0,1,"black"
603,2.5,1,35,0.7,126,3,16,3703,9,3,0,"black"
1426,2.5,0,55,0.4,109,1,7,2562,3,2,1,"white"
1820,1.7,1,64,0.6,161,1,3,574,18,1,1,"black"
1215,1,0,16,0.1,130,4,8,2632,15,2,0,"white"
697,2.7,1,20,0.4,173,2,6,259,4,0,1,"white"
717,0.5,1,10,0.6,198,1,5,688,15,0,0,"white"
1348,2,1,36,0.3,145,6,6,2554,12,2,0,"white"
1164,2.6,1,61,0.3,88,1,6,3859,17,3,0,"black"
578,0.5,0,62,0.3,170,5,13,2977,5,2,1,"black"
1971,0.5,1,40,0.3,186,7,19,571,17,0,0,"black"
1794,0.5,1,55,0.5,86,7,7,402,14,0,1,"black"
1558,2.5,0,32,0.1,114,5,3,878,17,0,1,"white"
1597,0.9,0,4,0.5,85,1,19,2130,15,2,1,"gray"
1240,1.6,0,39,0.1,146,2,9,3260,17,3,0,"black"
1994,0.8,1,7,0.6,88,8,4,454,6,0,1,"white"
1221,2.3,0,35,0.4,152,7,19,2638,14,2,1,"black"
989,1.6,1,24,0.6,156,8,17,2819,5,2,1,"black"
1180,1.2,0,50,1,144,4,20,1464,20,1,1,"black"
718,2.8,0,59,0.8,113,6,13,1824,3,1,0,"gray"
1670,1.6,1,47,0.8,139,8,15,876,5,1,0,"gray"
534,2.5,0,21,0.3,164,7,9,2706,18,2,1,"gray"
1566,0.5,1,20,0.5,126,2,0,659,13,1,0,"black"
1935,0.5,0,29,0.6,124,5,9,455,6,0,1,"black"
504,2.8,1,54,0.4,163,2,10,2378,2,2,0,"white"
913,1.7,1,41,0.3,103,1,14,2278,18,1,1,"gray"
1317,1.8,1,43,0.5,113,5,3,3436,5,3,0,"black"
917,0.5,0,31,0.5,88,6,2,3424,13,3,1,"black"
712,2.5,1,49,0.6,99,6,3,401,10,0,0,"gray"
1083,1,0,52,0.9,126,2,20,681,19,0,0,"black"
1039,0.6,0,6,0.1,136,6,8,3212,7,2,1,"white"
1747,0.5,0,13,0.7,185,6,12,3105,10,3,0,"gray"
1449,0.5,1,52,0.6,105,6,0,2036,10,1,0,"gray"
1872,0.5,1,49,0.2,139,7,18,3153,5,3,0,"black"
1796,1.6,1,7,0.1,101,4,6,1642,3,1,0,"white"
1097,1.4,0,60,0.8,181,1,17,509,12,0,0,"black"
1562,0.5,1,20,0.8,172,8,10,3465,6,3,1,"white"
1433,2.3,0,27,0.9,153,7,12,3900,2,3,1,"white"
740,1.8,0,12,0.2,123,1,11,1105,19,0,0,"black"
676,2.2,0,39,0.2,84,1,5,2064,6,1,1,"white"
503,1.8,1,13,0.7,131,1,4,3117,9,3,1,"gray"
1020,1.5,0,7,0.7,96,3,18,1142,8,1,1,"gray"
896,1,1,4,0.3,111,1,4,1060,4,1,1,"gray"
1824,0.8,0,19,0.9,143,2,5,2381,5,2,1,"gray"
1512,0.6,1,54,0.4,134,3,2,3366,11,3,1,"white"
1053,2.9,0,42,0.9,126,6,17,1339,14,0,0,"black"
1944,1.8,1,31,0.8,87,4,10,2560,8,3,1,"black"
1174,0.7,1,25,0.8,91,2,8,285,3,0,1,"black"
627,1.6,1,12,0.2,131,7,17,2476,10,1,1,"black"
1602,2.7,0,46,0.6,118,1,5,1862,2,1,1,"gray"
1733,1.5,1,6,0.9,170,1,15,3488,10,3,1,"black"
586,1.4,1,8,0.5,142,8,14,3178,10,2,1,"black"
1528,2.4,0,37,0.2,156,8,3,733,14,0,0,"white"
875,0.7,0,23,0.1,110,7,7,756,6,0,0,"white"
1602,0.6,0,58,0.4,170,1,13,3622,17,3,0,"black"
1426,1.6,0,12,0.7,174,5,16,1277,5,1,1,"black"
1370,1.4,0,6,0.2,158,6,8,3703,11,3,1,"black"
609,0.5,0,10,0.1,81,6,6,1905,18,1,1,"white"
840,1.2,1,15,0.3,178,6,8,2636,6,2,1,"black"
991,2,0,12,0.3,158,5,6,2014,10,2,1,"gray"
1724,1.8,0,9,0.8,100,2,1,3056,6,3,1,"black"
584,1.8,0,19,0.3,168,3,0,465,4,0,1,"black"
860,1.3,1,49,0.7,141,6,13,3869,20,3,1,"black"
1541,2.8,1,28,0.2,165,5,15,1108,7,1,1,"black"
615,0.5,1,58,0.5,130,5,8,1906,5,1,0,"white"
912,2.8,1,46,0.4,84,4,11,851,4,0,1,"black"
1278,1.2,0,60,0.6,172,7,14,3142,19,3,1,"white"
1365,0.6,0,31,0.3,125,4,0,1300,13,0,1,"black"
1702,1,0,36,0.1,177,5,9,1430,10,2,0,"black"
589,0.5,0,59,0.7,146,8,4,362,6,0,1,"white"
1347,1.5,1,56,0.3,95,1,19,2456,13,2,0,"black"
1644,2.8,0,44,1,137,8,0,2360,19,2,1,"white"
956,1.9,1,42,0.1,133,7,11,3700,7,3,0,"gray"
1089,1.4,1,2,0.1,153,7,20,2620,13,2,0,"black"
871,0.6,0,52,0.1,178,3,3,437,17,0,0,"white"
664,1.5,0,6,0.9,164,2,19,3774,18,3,1,"black"
1874,0.6,0,19,0.8,192,2,9,1218,17,1,0,"black"
1928,2.6,0,5,0.8,162,5,16,696,15,0,0,"black"
888,2.6,1,33,0.4,198,2,17,3407,20,3,1,"black"
1077,1.7,1,58,0.8,86,7,13,3902,3,3,0,"white"
1023,2.3,1,30,0.2,80,8,7,2086,19,1,1,"black"
1426,0.8,0,42,0.6,84,3,10,1356,16,1,1,"gray"
831,1.7,1,26,0.7,177,5,11,1704,20,0,1,"black"
1496,1.3,1,6,0.5,85,3,9,3571,11,3,1,"black"
1433,2.3,0,5,0.1,129,5,11,2132,19,1,1,"gray"
1095,2.6,1,44,0.7,103,4,5,3209,8,3,1,"gray"
643,0.7,1,23,0.8,156,1,9,2096,2,1,1,"black"
1142,1.1,0,6,0.5,198,4,0,1273,6,1,1,"white"
730,0.5,1,27,0.1,112,5,10,3623,15,2,1,"black"
1901,0.5,0,41,0.6,131,2,17,368,12,0,1,"white"
1510,0.6,1,32,0.7,135,3,8,854,10,1,0,"gray"
1924,2.6,0,59,0.9,136,6,0,3646,16,3,1,"black"
1825,1.1,1,17,0.1,157,4,18,3130,2,3,1,"black"
1275,0.5,1,5,0.2,152,1,9,3784,4,3,1,"black"
987,2.3,0,17,0.8,124,7,17,3885,14,3,0,"gray"
1538,2.3,0,13,0.2,121,7,7,1494,12,1,1,"gray"
1965,0.5,0,29,0.5,149,5,13,2973,20,3,1,"black"
808,1.9,0,20,0.8,185,6,14,1471,11,0,0,"black"
712,0.5,0,27,0.5,86,2,11,2001,12,1,0,"black"
1507,0.9,1,42,0.4,123,5,0,1486,19,1,1,"gray"
912,0.7,0,47,0.9,182,3,6,1321,6,0,0,"black"
769,1.2,0,17,0.1,95,8,4,1877,11,1,0,"gray"
948,2.3,0,22,0.1,173,5,20,3499,19,3,0,"gray"
507,1.9,1,39,0.7,142,1,0,2124,12,1,1,"white"
1384,2.8,1,60,0.1,82,3,18,1221,15,1,0,"white"
1766,1.3,0,29,0.5,194,8,20,2316,6,2,0,"white"
1407,1.8,1,16,0.2,170,4,6,1068,8,1,1,"black"
614,2.9,1,24,0.2,94,4,7,1930,4,1,1,"white"
1972,2.9,0,14,0.4,196,7,18,1316,8,1,0,"gray"
1039,0.5,1,47,0.2,130,8,9,1742,15,1,0,"gray"
511,3,1,34,0.9,125,8,13,3265,14,2,1,"gray"
1811,2.5,0,5,0.6,98,4,16,2700,8,2,1,"gray"
1159,1.5,0,36,0.4,104,4,8,2115,18,2,0,"black"
1848,1.3,1,12,0.1,178,2,19,3915,8,3,0,"white"
1988,0.5,0,16,0.1,94,8,1,3144,14,3,1,"white"
1469,0.5,0,58,0.5,150,7,8,1571,2,2,1,"black"
1423,0.6,0,44,0.8,131,5,13,2253,9,1,0,"black"
1974,0.5,1,10,0.8,145,6,12,1433,17,1,0,"gray"
835,0.8,1,42,0.8,128,5,18,2583,13,2,1,"gray"
1429,0.6,0,42,0.9,151,5,9,1817,16,1,0,"black"
947,0.5,0,51,0.1,144,2,15,2915,6,2,1,"gray"
1446,2.8,1,18,0.3,178,8,1,3340,16,3,1,"gray"
1332,1.3,1,7,0.8,168,7,19,2790,10,2,1,"black"
1498,1.2,1,14,0.1,191,4,1,577,12,0,1,"white"
1576,0.9,1,14,0.4,173,2,4,3220,6,3,1,"black"
1398,1.6,1,26,0.8,150,1,12,3488,11,3,1,"black"
1885,2.4,1,14,0.6,92,4,15,1277,16,1,1,"white"
798,0.5,1,2,0.8,148,2,15,3593,3,2,0,"black"
1436,2.5,1,42,0.9,124,8,1,2736,19,3,1,"gray"
1998,1.2,0,31,0.6,196,8,19,2311,18,2,0,"gray"
1321,1.3,0,63,0.4,109,8,9,1464,16,1,1,"black"
1021,1.3,0,9,0.7,192,2,12,1355,14,1,0,"gray"
1339,2.3,1,40,0.1,123,2,1,2382,7,2,0,"gray"
1210,1.6,1,57,0.5,111,4,20,1886,17,1,0,"white"
1949,0.5,1,31,0.1,145,5,9,832,19,1,1,"black"
882,0.7,1,28,0.2,151,6,16,751,8,0,1,"white"
1549,1.5,1,27,0.4,113,5,7,436,11,0,1,"gray"
1991,2.2,1,42,0.7,82,1,13,722,10,0,1,"white"
796,0.5,0,12,0.5,114,1,8,1075,2,0,0,"black"
1012,0.5,1,39,0.1,161,4,6,2802,10,2,0,"black"
1318,1.9,1,11,0.8,188,2,15,1780,2,1,1,"white"
1708,0.8,0,14,0.9,197,4,16,1247,16,1,1,"black"
598,0.8,1,62,0.1,117,8,9,3066,19,2,1,"white"
541,2.3,0,51,0.4,200,8,17,403,12,0,0,"white"
818,0.5,1,23,0.2,192,5,17,2518,3,2,1,"black"
1414,0.5,0,15,0.8,168,2,0,1069,14,0,1,"gray"
601,1.7,1,6,0.8,169,4,11,2651,9,2,1,"gray"
561,2.8,1,40,0.1,99,7,6,2974,19,2,1,"gray"
1616,2.3,1,52,0.1,100,5,8,657,2,0,0,"gray"
1263,1.4,1,32,0.4,103,2,2,3372,10,3,1,"gray"
1604,1.9,1,63,0.6,93,5,2,1464,20,1,1,"black"
539,2,1,24,0.5,86,4,2,1326,3,0,0,"gray"
1071,2.6,0,49,0.3,199,4,5,3393,7,3,0,"gray"
826,0.5,1,57,0.5,135,2,0,323,7,0,1,"white"
771,2.9,0,62,0.7,106,1,8,1628,6,1,0,"white"
1811,2.9,0,33,0.2,132,8,2,2610,13,3,0,"black"
1842,2.2,1,56,0.4,179,4,10,3721,4,3,0,"black"
1420,2.8,1,50,0.1,100,8,8,763,17,0,0,"black"
1763,0.5,1,10,0.2,184,3,19,792,13,0,0,"white"
1163,1.9,0,2,0.9,133,5,20,1568,19,1,0,"gray"
1805,0.5,0,29,0.2,182,4,2,1276,17,1,0,"black"
610,1.6,1,52,0.4,90,4,19,3472,12,3,0,"black"
1533,1.1,1,17,0.3,160,4,20,2520,11,2,1,"black"
1924,0.5,0,63,0.3,111,2,10,3423,19,3,1,"white"
1801,0.5,1,52,0.9,120,6,10,258,9,0,0,"black"
1726,1.9,0,42,0.6,106,5,3,1868,6,2,1,"gray"
794,2.5,1,14,0.6,197,3,19,2171,18,1,0,"black"
1686,0.5,1,28,0.8,182,5,8,780,5,0,0,"black"
1444,2.1,1,6,0.9,103,1,1,712,10,0,0,"black"
1004,1.6,1,30,1,160,8,1,1012,13,0,1,"white"
1242,2.4,0,28,0.2,166,4,9,318,19,0,0,"gray"
539,1.5,0,26,0.2,137,6,8,3948,15,3,1,"black"
717,1.1,1,14,0.1,99,8,6,629,20,0,1,"black"
1540,0.7,1,29,0.1,157,7,1,1161,5,0,1,"black"
672,0.5,0,35,0.1,99,8,17,1403,6,0,1,"black"
1325,0.5,0,13,1,133,4,8,3707,18,3,1,"gray"
950,0.5,0,55,0.1,124,8,7,1305,4,0,1,"white"
948,1.5,1,18,0.3,119,4,7,2926,9,2,0,"gray"
1328,0.5,0,27,0.3,144,3,18,2674,5,2,1,"white"
1447,0.5,0,40,0.7,184,2,5,471,20,0,0,"gray"
1973,0.5,1,21,0.8,95,8,7,1724,8,1,0,"black"
1731,2.3,1,60,0.5,171,4,20,1220,20,1,0,"gray"
1617,1.5,0,63,0.7,111,2,10,2754,8,2,1,"black"
1791,0.5,1,33,0.5,110,5,4,594,16,0,1,"gray"
851,2.3,1,54,1,101,2,9,1005,14,0,1,"gray"
856,1.9,1,14,0.6,115,1,7,2439,12,1,1,"gray"
714,0.5,0,30,0.3,145,4,2,2302,10,1,0,"black"
951,0.5,0,15,0.6,81,2,17,1083,16,0,1,"gray"
1303,2.1,0,10,0.4,109,8,15,2219,15,2,1,"black"
1550,2.7,0,32,0.1,126,7,5,1571,14,2,0,"gray"
1759,1.4,0,15,0.4,101,4,13,2107,16,2,1,"gray"
1448,0.5,1,2,0.2,100,5,19,593,18,0,0,"gray"
1987,1.9,0,50,0.7,119,8,18,857,6,1,0,"gray"
908,2.1,0,44,0.6,95,5,2,3518,7,3,0,"gray"
820,0.5,1,58,0.3,160,4,4,1284,17,0,0,"black"
904,2.7,1,19,0.6,147,6,7,545,16,0,0,"black"
667,1.3,1,6,0.1,149,6,10,3566,12,2,1,"white"
1109,2.1,0,34,0.1,173,1,4,2821,17,2,0,"black"
1333,1.4,0,59,0.7,183,7,5,3442,5,3,1,"black"
1352,2.4,0,6,0.9,92,6,9,1309,14,1,1,"white"
1600,2.5,1,19,0.6,88,6,9,1179,18,1,0,"black"
1454,1.4,1,37,0.8,80,8,20,1713,19,1,0,"gray"
1489,2.1,1,9,0.4,169,3,1,1663,14,1,0,"black"
1823,2.8,1,10,0.6,81,8,19,1812,19,2,0,"white"
1581,1,0,41,0.4,172,4,19,1384,2,1,0,"black"
1672,1.7,1,44,0.5,172,8,4,1348,7,1,1,"black"
1283,0.7,1,27,0.2,80,4,6,3957,6,3,1,"white"
630,2,0,14,0.5,180,8,13,1212,12,0,1,"white"
659,2.2,0,24,0.7,151,8,2,3925,10,3,1,"black"
1811,0.5,1,32,1,115,6,0,348,18,0,0,"gray"
688,2.5,0,40,0.2,109,5,20,1382,8,1,0,"white"
514,2.9,1,18,0.7,141,2,8,980,16,0,0,"gray"
1933,2.8,1,16,0.5,154,3,9,838,18,0,0,"black"
915,2,0,31,0.3,91,3,20,378,9,0,1,"black"
1006,2.2,1,22,0.8,135,4,8,909,7,0,1,"gray"
1134,0.9,0,13,0.4,92,4,19,3632,19,3,1,"gray"
599,2.9,0,64,0.3,186,8,1,3396,7,2,1,"gray"
973,0.5,1,53,0.5,196,5,7,1861,16,1,0,"black"
1180,2.5,0,27,0.1,90,6,1,348,19,0,1,"white"
1237,2.5,0,13,0.8,98,4,12,2528,16,2,0,"gray"
659,0.5,1,5,0.3,169,8,10,2190,16,1,1,"black"
1142,1.4,1,6,0.7,190,8,8,663,5,0,0,"white"
1002,2.7,1,11,0.4,185,6,18,961,19,0,1,"gray"
1392,2.5,0,44,0.7,113,4,2,1280,16,1,1,"black"
602,0.9,0,50,0.9,141,8,18,2189,16,2,0,"white"
1249,0.5,0,55,0.8,140,3,8,531,13,0,1,"black"
531,0.5,1,12,0.5,121,4,3,2331,20,1,1,"gray"
1450,2.1,0,31,0.6,114,5,4,794,9,1,0,"black"
1342,2.8,0,50,0.1,173,1,8,2644,11,2,0,"white"
832,0.5,0,22,0.6,198,1,8,1666,20,1,1,"gray"
867,1.5,0,57,0.1,159,4,0,2157,18,1,1,"gray"
1404,2.1,0,44,0.9,151,1,20,1196,5,1,0,"white"
840,0.9,1,33,0.7,150,6,7,2072,19,2,0,"black"
1368,0.5,0,42,0.2,91,1,20,1590,14,1,1,"white"
1927,0.9,1,11,0.4,190,8,12,2916,18,3,0,"gray"
1714,0.5,1,31,0.4,120,2,10,3707,19,3,0,"black"
1201,0.5,0,10,0.4,198,6,5,726,3,0,1,"black"
1796,2.3,0,44,0.9,184,2,11,3577,4,3,0,"gray"
1147,0.8,1,28,0.7,158,6,13,2627,15,2,0,"white"
776,1.7,0,20,1,146,4,9,685,7,0,1,"black"
510,2.6,0,33,0.1,110,6,10,1693,5,1,0,"gray"
1045,1.2,1,40,0.1,175,6,7,2137,12,2,1,"black"
1497,0.9,1,10,0.1,153,8,20,3696,3,3,1,"white"
1425,0.6,0,33,0.5,89,3,2,3771,9,3,1,"black"
726,2.2,0,40,0.8,94,4,20,1342,4,0,1,"white"
1576,2,0,20,0.6,148,3,0,1379,16,1,1,"black"
714,2.1,1,11,0.1,197,3,6,1164,19,1,1,"black"
1595,1.9,1,63,0.9,88,1,20,908,6,1,0,"gray"
541,1,0,10,0.4,127,4,0,1019,15,1,1,"black"
1617,2.6,0,29,0.9,113,6,20,3685,18,3,0,"white"
1154,1.1,1,5,0.2,98,1,13,1470,12,1,1,"black"
1638,1,0,2,0.2,189,1,11,2299,9,2,0,"white"
1150,2.7,0,39,0.4,151,8,1,999,11,0,0,"white"
1254,2.3,0,44,0.2,149,1,10,3011,12,2,1,"black"
1806,2,1,54,0.1,117,1,11,3142,6,3,1,"black"
603,1.5,0,12,0.7,114,6,20,1543,19,1,0,"black"
1834,2.1,0,40,0.1,99,4,11,3692,16,3,1,"white"
520,2.3,0,31,0.8,145,6,14,2753,17,1,1,"gray"
565,0.6,1,50,0.1,158,2,8,2156,6,1,0,"gray"
1689,0.5,0,9,0.5,150,5,15,2637,3,2,0,"black"
742,2.3,0,21,0.7,104,8,1,331,7,0,0,"white"
1143,1.2,1,22,1,125,3,6,1214,16,1,1,"black"
761,0.5,0,3,0.8,196,7,15,2248,15,2,0,"black"
959,1.3,1,36,0.4,196,5,14,3073,8,3,0,"black"
772,1.2,1,8,0.6,134,7,8,422,15,0,1,"black"
1015,0.8,0,12,0.5,102,3,14,2293,2,1,0,"gray"
1824,1.9,1,2,0.7,103,1,14,3958,19,3,1,"black"
1130,0.5,1,29,0.7,130,1,14,432,10,0,1,"gray"
1183,0.5,1,48,0.1,120,8,12,1152,3,0,1,"black"
574,2,1,26,0.5,118,6,2,1303,2,0,1,"black"
1472,3,0,20,0.3,169,2,6,797,11,0,1,"black"
1868,0.5,0,40,0.9,179,8,17,298,17,0,1,"black"
1375,2.9,0,20,0.4,147,6,7,3847,12,3,0,"gray"
881,1,0,64,0.5,160,3,6,2110,6,1,0,"gray"
1742,0.5,1,43,0.9,176,3,7,1921,3,2,1,"white"
1225,0.7,1,60,0.1,107,2,15,2423,6,2,0,"white"
1970,0.5,1,15,1,132,2,0,1658,20,2,1,"black"
1186,0.5,1,21,0.4,160,8,4,2361,7,1,0,"black"
1762,0.7,0,60,0.1,157,4,10,1380,14,1,0,"white"
1731,1.4,1,4,0.5,163,6,18,3892,4,3,1,"black"
852,1.8,1,8,0.8,160,5,9,315,20,0,1,"white"
848,1.5,1,36,0.3,151,4,16,2289,19,1,1,"gray"
1575,2.5,1,11,0.2,185,7,20,2182,17,2,1,"gray"
1554,2.8,1,23,0.1,105,6,18,2184,20,2,0,"black"
1972,1.6,0,48,0.5,92,8,2,2872,11,3,0,"gray"
827,0.6,1,35,0.2,87,6,17,2367,15,1,1,"white"
1063,1.5,0,3,0.9,155,4,10,1919,20,1,0,"gray"
1695,2.3,1,34,0.4,84,5,10,3296,14,3,0,"black"
1343,2.4,1,14,0.9,81,8,10,462,11,0,1,"white"
834,0.5,0,27,0.2,123,1,16,1591,20,1,1,"black"
595,2.6,0,20,0.4,122,2,18,1593,2,0,1,"gray"
1081,1.9,1,42,0.1,101,7,17,2456,7,1,1,"black"
911,1.4,1,14,0.7,199,4,4,2933,11,3,0,"white"
844,2.2,1,22,0.9,197,7,2,3154,7,3,1,"gray"
1335,3,0,60,0.8,180,2,4,3615,9,3,0,"black"
1883,1.6,0,24,0.1,87,1,16,3563,3,3,0,"black"
1128,0.5,1,33,0.6,147,8,7,1440,19,1,0,"white"
826,2.4,1,57,0.6,117,2,17,1907,5,1,1,"gray"
1650,2.3,0,38,0.7,89,1,1,324,2,0,1,"gray"
1162,1,0,50,0.5,104,4,10,1404,15,1,0,"black"
1517,2.5,0,8,0.8,169,4,18,2738,12,2,1,"black"
963,0.5,0,60,0.8,156,3,3,2722,16,2,1,"black"
1837,1,1,12,0.9,103,8,6,2294,20,3,1,"black"
1028,2.8,0,30,0.1,193,1,10,1424,13,1,1,"black"
1831,2.2,1,55,1,189,8,9,1133,10,1,0,"black"
571,2,1,58,0.6,101,6,11,555,11,0,1,"white"
1770,2.3,0,9,0.6,183,6,5,3785,14,3,0,"gray"
970,1.3,1,59,0.2,84,7,19,3675,12,3,0,"white"
642,0.5,0,38,0.8,86,5,10,435,2,0,1,"black"
622,1.9,1,11,0.8,193,8,14,3183,4,2,0,"gray"
600,1.8,0,6,0.8,199,2,15,3495,7,2,1,"gray"
1412,0.6,0,57,0.2,86,3,10,1853,18,1,0,"black"
733,0.8,0,16,0.4,138,4,12,2648,19,2,0,"black"
1070,3,0,19,0.8,160,7,16,2647,20,2,0,"black"
875,0.7,1,30,0.7,146,8,8,702,15,0,0,"black"
1994,0.7,0,5,0.4,189,2,7,1836,18,2,0,"gray"
823,1,1,18,0.2,182,5,16,3894,9,3,1,"black"
1908,0.5,0,30,1,111,2,19,2944,17,3,1,"black"
790,0.5,1,44,0.1,89,8,8,3424,9,3,1,"gray"
1330,1.8,1,40,0.5,177,1,5,2678,14,2,0,"gray"
1660,0.5,0,15,0.7,100,8,8,2424,9,2,1,"black"
1776,2.2,0,20,0.9,82,6,16,2671,12,3,0,"black"
1611,0.5,1,27,0.9,199,1,10,3078,6,2,1,"gray"
1410,0.5,1,15,0.3,92,3,1,2304,18,2,1,"gray"
1772,1.6,0,45,0.5,159,2,18,1146,17,1,1,"black"
1280,1.3,0,39,1,108,7,1,2335,2,1,1,"white"
1712,0.9,1,23,1,155,7,19,1422,15,1,0,"black"
1562,0.7,0,55,0.1,140,8,1,2096,3,2,0,"black"
891,1.9,1,18,0.1,153,6,3,1303,4,0,1,"black"
1957,1.2,1,36,0.8,151,2,19,1115,18,1,1,"black"
1110,0.6,0,42,0.9,192,5,2,456,18,0,0,"black"
875,1.4,1,43,0.6,104,8,3,3396,18,3,1,"black"
1211,1.2,0,28,0.3,130,2,3,2750,14,2,0,"gray"
769,0.5,1,54,0.2,112,4,19,941,20,0,1,"gray"
671,2.9,0,2,0.1,95,6,19,2278,2,2,1,"black"
1872,0.5,0,26,0.5,172,4,10,2273,8,2,1,"white"
1076,2.3,1,14,0.7,191,5,0,2355,2,2,1,"gray"
1325,1.9,0,50,0.1,146,1,10,2328,2,2,0,"white"
911,2.2,1,28,0.5,182,2,2,2638,13,1,1,"gray"
1273,0.7,0,23,0.6,178,6,14,558,13,0,0,"gray"
1062,0.5,0,39,0.9,124,4,4,1345,11,0,1,"gray"
1317,1.5,0,12,0.1,154,2,9,425,11,0,0,"black"
940,2.9,0,16,0.7,115,4,1,2192,9,1,0,"black"
729,2,0,14,0.6,135,6,2,3397,17,2,0,"gray"
1494,2.4,0,3,0.9,93,7,17,1208,17,1,1,"white"
1546,1.6,1,27,0.7,124,2,6,267,16,0,1,"black"
1253,0.7,0,34,0.9,113,4,10,3518,8,3,1,"gray"
895,0.5,1,16,0.3,164,8,14,3122,4,2,0,"white"
793,1.9,1,43,0.3,124,8,2,1050,3,0,1,"black"
1628,1.8,1,56,0.1,136,2,13,3358,12,3,0,"gray"
625,2.7,1,42,0.8,138,8,3,2929,17,2,0,"white"
1110,1.5,0,12,0.3,153,8,5,624,15,0,1,"white"
999,1.7,0,49,0.6,132,1,17,1598,8,1,0,"gray"
1856,0.5,1,24,0.1,155,5,1,2052,10,2,1,"gray"
1715,2.6,1,15,0.6,120,6,20,1249,4,1,1,"black"
1897,1.9,0,54,0.3,154,2,7,412,2,0,1,"gray"
1202,2.4,1,19,0.1,122,2,1,595,3,0,0,"black"
1171,1.7,1,19,0.3,167,7,19,263,8,0,0,"gray"
964,2,0,22,0.7,86,8,0,2577,5,2,1,"black"
1973,2.4,1,46,0.1,193,4,10,639,3,0,0,"black"
1992,0.6,1,2,0.1,141,1,14,3206,10,3,0,"black"
546,2.6,1,26,1,159,5,15,1550,3,1,0,"gray"
1093,0.5,0,31,0.6,171,2,12,1646,6,1,1,"black"
1880,2,0,35,0.1,200,4,14,1930,15,2,0,"black"
1765,1.1,0,11,0.7,87,2,7,3695,18,3,0,"gray"
1640,0.5,1,36,0.9,87,8,11,3235,10,3,1,"black"
1830,0.5,0,7,0.9,191,6,12,2334,14,2,0,"gray"
826,0.6,0,62,0.7,187,4,19,1998,17,1,0,"black"
1864,2.2,0,7,0.1,142,1,2,2258,10,2,1,"black"
586,0.6,0,42,0.3,121,7,17,1869,7,1,1,"black"
1206,3,1,30,0.6,127,3,13,1825,4,2,1,"black"
832,0.5,1,5,0.1,165,5,2,3946,14,3,1,"white"
848,2.8,0,8,0.1,103,7,3,436,15,0,0,"black"
1851,2.9,0,53,0.7,112,6,2,2678,8,2,0,"white"
1166,0.5,0,59,0.5,80,1,11,3887,7,3,0,"gray"
1776,2.1,1,35,0.1,172,4,16,1813,20,1,0,"gray"
1254,1.2,0,27,0.2,134,2,10,817,16,0,1,"gray"
1494,1.6,1,24,0.2,101,1,17,3614,9,3,1,"gray"
984,2.2,1,39,0.5,119,8,18,2013,16,1,1,"gray"
1179,0.8,0,5,0.9,154,5,17,543,18,0,0,"white"
513,1.9,0,27,0.4,174,8,13,3400,13,2,0,"gray"
557,0.5,1,17,0.2,89,6,4,2623,16,1,0,"black"
744,1.7,1,33,0.5,105,4,2,2700,19,2,1,"black"
1129,0.8,1,21,0.6,116,2,10,1400,13,1,1,"black"
1148,2.3,1,58,0.3,170,5,20,3127,11,2,1,"gray"
1793,2.7,0,44,0.7,175,5,17,2803,6,3,1,"black"
1310,2.3,1,15,0.2,150,5,11,2518,5,2,0,"white"
1604,1.2,0,6,0.5,191,6,15,3564,2,3,0,"black"
1676,1.6,0,37,0.2,145,1,3,2515,4,2,0,"gray"
1001,2.8,1,40,0.2,117,3,7,3654,10,3,0,"white"
1086,2.7,0,24,0.1,135,8,19,3930,18,3,1,"white"
1986,0.5,1,39,0.1,89,7,19,3476,17,3,1,"white"
634,0.8,0,41,0.2,192,1,12,3242,4,3,0,"black"
502,0.8,0,52,1,82,6,8,2666,20,2,0,"gray"
1641,1.1,0,48,0.7,97,8,7,1695,17,2,0,"white"
623,1.4,1,15,0.2,189,3,1,3510,18,2,1,"gray"
962,1.1,1,17,0.1,161,8,20,3438,20,3,0,"gray"
1057,2.7,0,41,0.1,97,4,10,2033,2,1,1,"gray"
1862,1.5,0,62,1,182,1,2,1017,9,1,0,"gray"
555,3,1,38,0.8,193,2,10,1686,8,1,1,"gray"
1000,2.7,0,58,1,135,5,12,862,20,0,1,"gray"
841,0.5,0,11,0.3,81,5,14,957,11,0,1,"black"
865,2.9,0,16,0.1,89,4,12,3494,14,3,0,"gray"
999,2.6,1,56,1,165,4,13,3083,11,2,1,"gray"
1232,1.2,0,30,0.9,131,6,14,1656,15,1,0,"gray"
1194,2.3,0,34,0.2,165,2,12,313,19,0,1,"black"
612,0.5,1,20,0.8,179,8,6,3282,18,3,1,"black"
1362,2.9,0,47,0.5,186,6,4,3629,5,3,0,"gray"
1469,1.7,1,44,0.5,169,2,14,1687,5,1,1,"black"
986,0.8,0,28,0.8,182,4,20,1149,18,0,1,"black"
1843,2.8,0,62,0.8,104,3,7,3899,6,3,1,"black"
1561,0.5,1,4,0.5,134,2,13,1783,10,2,1,"black"
1695,0.5,1,47,0.5,189,5,13,1629,11,1,1,"white"
667,2.6,1,8,0.8,185,1,7,2528,8,2,0,"gray"
1768,2,0,2,0.8,88,7,2,3256,5,3,1,"black"
1269,2.8,1,41,1,180,8,17,2341,16,2,0,"black"
1109,2.8,1,57,0.9,151,1,12,2785,16,2,0,"black"
936,0.5,1,14,0.1,164,3,17,3761,12,3,1,"gray"
1713,2,0,5,0.7,199,6,16,1513,2,1,1,"gray"
1175,1.7,1,45,0.6,167,2,7,2240,5,1,1,"black"
1940,1,1,5,0.2,194,4,1,820,3,1,1,"black"
855,0.5,0,59,0.5,159,2,3,1875,8,1,1,"gray"
771,0.5,1,33,0.1,157,3,17,920,10,0,1,"gray"
645,2.5,0,63,1,174,4,14,3615,13,2,1,"black"
1307,1.8,0,7,0.6,88,7,3,1412,5,1,0,"white"
1948,2.9,1,5,0.2,136,1,13,361,10,0,0,"black"
1509,0.6,1,50,0.3,81,4,8,1540,3,1,0,"black"
626,2.8,1,11,0.8,109,2,9,1077,4,0,1,"gray"
1190,2,1,40,0.2,93,5,1,3610,9,3,0,"gray"
1727,2.1,1,57,0.3,158,6,18,512,6,0,0,"white"
1670,3,0,62,0.5,114,8,20,3024,20,3,0,"white"
1150,0.5,1,27,1,134,1,17,1610,16,1,1,"black"
1208,2.9,0,16,1,175,1,19,2201,12,1,1,"black"
1812,1.3,1,42,1,162,7,15,3338,11,3,1,"black"
770,1.5,1,61,0.2,196,4,9,3473,4,3,0,"gray"
1559,1.3,1,10,0.3,114,8,17,2203,15,1,1,"black"
1902,0.5,0,13,0.2,155,4,11,940,15,1,0,"black"
1751,2.5,0,4,0.6,146,8,9,1155,12,1,0,"black"
1416,1.8,1,20,0.1,93,4,0,3872,7,3,0,"black"
1288,0.5,1,61,0.2,115,6,6,1882,10,2,1,"black"
1003,2.9,0,16,0.6,119,8,19,1798,10,1,1,"white"
1715,0.5,1,18,0.1,96,6,3,2598,3,3,1,"black"
1967,0.5,0,46,0.6,199,1,7,1567,7,1,1,"white"
962,1,1,2,0.9,125,1,20,1491,14,1,0,"gray"
1487,1.5,0,42,0.8,120,2,7,2003,3,2,1,"black"
1569,1.6,1,54,0.9,190,4,6,3905,4,3,1,"black"
1146,3,0,57,0.4,111,5,10,291,11,0,1,"black"
1379,1.5,0,9,0.8,118,8,13,1693,18,1,1,"white"
1504,1.9,1,25,0.3,152,4,9,1788,13,1,1,"black"
1945,1.2,0,26,0.7,112,6,5,3322,20,3,0,"black"
1630,2.8,1,32,0.9,80,6,1,1751,20,2,1,"black"
1125,2.7,0,23,0.4,117,1,14,1641,12,1,0,"black"
614,0.7,0,51,0.1,178,7,7,2854,12,2,1,"gray"
854,1,0,17,0.9,101,4,9,3115,2,2,1,"white"
1470,1.7,1,45,0.1,121,1,9,3259,14,3,0,"white"
1826,0.5,1,49,0.6,172,8,6,1612,17,2,1,"gray"
807,0.5,1,37,0.2,127,4,0,2319,4,1,0,"gray"
1996,2.8,1,7,0.1,138,5,4,1258,16,1,1,"black"
1083,2,0,41,0.7,158,5,5,1543,10,1,0,"white"
1035,0.5,1,49,0.3,178,2,15,3991,19,3,1,"black"
1521,1.6,0,62,0.3,143,1,9,3555,19,3,1,"white"
1314,2.8,1,5,1,87,4,18,3411,18,3,1,"white"
535,1.9,0,24,0.2,190,8,19,524,4,0,0,"black"
673,1.9,0,35,0.4,142,6,14,3541,4,3,1,"black"
1219,1.6,1,4,0.3,169,6,7,1998,4,2,0,"black"
1606,0.5,1,33,0.9,200,5,0,3437,2,3,1,"black"
1603,0.5,1,17,0.5,114,2,8,1637,11,1,1,"gray"
1958,0.5,0,52,0.4,153,1,14,3064,3,3,1,"gray"
695,0.5,0,12,0.6,196,2,19,2855,7,2,1,"black"
1441,0.6,1,53,0.5,106,1,12,1393,4,1,1,"white"
1470,2.2,1,33,0.4,138,7,10,1633,4,2,1,"gray"
1890,1.1,0,48,0.5,127,4,5,2392,15,3,1,"black"
1152,2.1,1,26,0.3,82,2,0,3284,8,3,1,"black"
1619,0.9,0,20,0.9,117,6,9,464,16,0,0,"white"
1002,1.8,0,45,0.7,180,7,7,1234,18,0,0,"white"
742,0.5,0,36,0.7,139,3,1,292,6,0,1,"black"
1306,2.1,1,33,0.4,174,3,9,2521,16,2,1,"black"
1424,2.9,1,20,0.6,180,5,0,2658,19,2,0,"black"
942,1.4,1,27,0.5,91,4,9,587,13,0,0,"black"
1934,2.7,0,2,0.1,118,4,16,2190,9,2,1,"gray"
1290,1.4,1,35,0.3,110,4,20,879,8,0,1,"black"
930,2.1,1,54,0.9,80,1,13,1743,9,2,0,"gray"
1699,0.5,0,21,0.1,156,4,20,1181,18,1,0,"black"
1849,0.5,0,29,0.5,181,7,12,3330,15,3,0,"black"
1922,0.5,0,42,0.6,153,8,16,3564,17,3,1,"black"
548,1,1,56,0.4,146,4,14,562,8,0,1,"gray"
916,0.5,0,47,0.2,82,4,1,1659,11,1,1,"black"
1783,0.5,0,14,0.6,183,8,11,1816,7,2,0,"gray"
1083,1.4,1,49,0.8,156,5,9,1338,5,0,1,"gray"
1698,2.8,0,7,0.8,131,8,12,2992,17,2,1,"gray"
1969,0.8,1,7,0.2,85,8,20,315,7,0,1,"black"
869,1.9,0,2,0.6,197,7,3,3249,12,2,0,"white"
1337,2.7,1,5,0.7,200,4,1,3242,20,2,0,"black"
637,0.8,1,28,0.6,194,4,6,2725,7,2,0,"white"
833,0.6,1,27,0.3,145,4,2,586,19,0,1,"white"
1248,2.4,0,9,0.4,89,3,8,2454,13,2,1,"gray"
1174,0.9,0,30,1,147,4,20,804,16,0,0,"black"
1831,2.3,0,44,0.2,148,7,14,2460,18,2,1,"white"
1002,2.6,1,27,0.1,146,1,10,1295,17,0,0,"gray"
1010,2,1,8,0.9,139,5,3,2625,12,2,1,"white"
1117,0.5,1,21,0.1,177,2,19,1999,2,1,0,"gray"
990,2.7,1,15,0.9,153,2,7,2698,6,2,0,"black"
1564,1.4,0,26,0.1,129,6,16,3742,13,3,1,"gray"
1065,2.8,1,21,0.1,158,5,3,1193,20,1,1,"white"
1982,1.1,0,24,0.1,129,7,16,3511,15,3,0,"white"
1607,1.1,1,20,1,192,2,8,885,14,0,1,"black"
1066,3,1,5,0.5,167,5,7,1044,11,0,1,"black"
681,0.5,1,17,0.9,194,5,19,2548,5,2,1,"black"
1163,2.1,1,19,0.9,132,2,1,2940,15,2,1,"gray"
1285,0.8,1,11,0.8,199,5,7,3966,2,3,1,"black"
753,0.5,0,48,0.1,121,8,20,3484,16,3,1,"gray"
1779,2.6,1,5,0.8,90,1,3,1246,20,1,0,"black"
987,1.9,0,52,0.5,83,3,8,2757,15,2,1,"black"
511,0.9,1,24,0.6,136,3,18,2378,4,1,1,"black"
1044,1.8,0,12,0.7,104,6,5,1794,19,1,1,"gray"
1855,0.5,0,32,0.6,187,8,18,3933,7,3,0,"gray"
946,1.4,0,26,0.1,186,6,10,1637,6,0,0,"gray"
657,1.9,1,21,0.1,110,8,8,783,11,0,0,"black"
1673,1.6,0,42,0.5,182,5,6,3094,20,2,0,"black"
731,0.5,1,28,0.5,130,8,0,1774,10,1,1,"black"
926,0.8,0,59,0.8,161,7,14,256,2,0,1,"black"
1261,0.5,0,52,0.3,86,2,9,1365,16,1,1,"black"
618,1.1,0,45,0.2,188,3,20,2339,10,2,1,"white"
936,2.3,0,57,0.2,129,2,6,2049,5,1,1,"white"
1485,0.9,1,28,0.8,158,5,1,3241,11,3,1,"black"
1339,0.5,1,21,0.5,80,4,11,867,3,0,1,"black"
508,1.3,0,50,0.7,82,5,9,2175,14,1,0,"white"
1938,0.5,1,44,0.5,121,2,9,3497,18,3,0,"gray"
995,1.3,1,10,0.1,104,4,3,609,5,0,0,"black"
1086,1.7,1,43,0.2,111,6,1,3285,17,2,1,"white"
1322,2.3,1,35,0.1,157,1,3,3684,6,3,1,"black"
1864,1.9,1,57,0.1,181,6,6,3586,8,3,0,"gray"
1944,0.5,0,26,0.5,92,4,9,2322,7,2,1,"white"
581,0.6,0,56,0.2,180,2,10,354,13,0,1,"gray"
1020,0.7,1,27,0.7,128,4,4,3204,9,3,1,"white"
1936,1.3,0,44,0.1,139,3,3,1400,3,1,0,"black"
1329,1.7,0,23,0.6,198,8,6,2308,9,1,1,"gray"
808,0.5,1,46,0.5,105,8,15,1082,10,0,0,"black"
994,1.2,1,40,0.9,164,2,17,3104,11,2,0,"gray"
1811,2,0,22,0.2,82,2,8,2847,4,2,1,"gray"
765,2.5,0,44,0.3,88,8,11,2256,19,2,0,"gray"
993,2.3,1,16,0.4,106,7,13,1113,6,0,0,"black"
1136,1.6,0,32,0.5,150,6,19,3210,8,3,0,"gray"
719,0.5,1,23,0.4,113,6,9,3990,12,3,1,"gray"
733,0.6,1,63,0.3,105,7,10,984,9,0,0,"black"
1946,2.7,1,8,0.3,123,8,19,3117,2,3,0,"white"
1230,1.6,0,48,0.7,111,7,2,1622,16,2,1,"white"
1577,1,1,64,0.1,105,3,7,2967,7,3,1,"black"
1514,1.4,0,12,0.6,138,3,4,1037,15,0,1,"gray"
579,2.5,0,7,1,89,8,10,2908,11,2,0,"gray"
574,3,0,30,0.9,126,2,3,1167,19,0,1,"gray"
1072,2.2,1,19,0.4,114,8,16,2715,16,2,0,"black"
843,1.3,1,16,0.9,119,7,4,1734,14,1,0,"black"
1492,1.5,0,11,0.9,85,3,7,2259,19,3,0,"gray"
1807,2.9,0,16,0.2,125,3,0,2921,17,3,0,"white"
909,0.7,1,47,0.1,146,3,9,1244,16,0,0,"black"
1876,1.3,1,64,1,98,3,19,3132,2,3,1,"white"
1436,2.4,1,23,0.3,106,5,4,2488,8,2,1,"white"
1251,0.5,1,29,0.7,133,6,16,1052,11,0,1,"white"
636,0.5,0,28,0.9,152,2,15,2927,3,2,1,"black"
1354,0.7,1,26,0.5,136,4,6,2090,13,1,1,"gray"
930,0.5,1,34,0.5,190,4,16,2131,6,2,1,"white"
1830,1,0,47,0.3,117,1,11,3362,11,3,1,"white"
1424,0.5,1,23,0.6,80,4,18,1053,16,1,1,"black"
583,0.9,1,51,0.9,88,8,2,1799,7,1,0,"black"
648,0.5,1,54,0.4,109,5,20,3124,13,3,1,"gray"
1203,0.5,1,11,0.9,109,2,12,1672,19,0,1,"gray"
1777,2.2,1,15,0.2,100,4,7,1552,10,1,0,"black"
1299,2.8,1,64,0.5,83,6,6,1938,5,1,0,"gray"
1494,1.9,0,47,0.4,129,2,9,3202,14,3,1,"white"
527,0.7,1,53,0.9,128,1,11,1302,13,0,0,"white"
793,2.8,1,64,0.4,179,4,2,2296,5,1,1,"black"
873,0.5,1,8,0.6,152,7,9,575,7,0,0,"gray"
722,1.1,0,12,1,93,6,20,2359,3,1,0,"black"
1250,1.5,0,20,0.4,167,5,18,3314,6,2,1,"gray"
1358,1.7,0,60,0.6,147,3,1,440,13,0,0,"gray"
1035,1.9,1,11,1,173,6,10,2002,5,1,0,"black"
1289,0.8,1,16,0.9,161,6,17,3167,20,3,1,"gray"
1445,2.2,1,37,0.4,82,2,6,3480,17,3,0,"black"
1702,2.3,1,47,0.6,107,2,19,595,19,1,1,"gray"
534,0.5,1,2,0.2,85,5,16,2466,18,2,0,"gray"
628,1.8,0,60,0.2,87,6,6,1337,14,1,0,"white"
713,1.4,1,53,0.8,98,1,17,1462,13,0,0,"black"
1207,0.5,0,58,0.3,112,8,0,503,5,0,0,"black"
683,2.1,0,30,0.1,197,7,8,2066,15,1,0,"black"
594,2.6,0,27,0.1,196,5,2,708,17,0,0,"gray"
537,2,0,55,0.3,103,7,2,2029,12,1,1,"black"
1565,0.5,0,38,0.1,121,5,1,308,7,0,0,"black"
1052,0.9,0,6,0.8,195,4,16,552,11,0,0,"gray"
713,1.6,0,63,0.7,89,2,8,2082,12,1,1,"black"
1766,0.5,1,16,0.6,141,5,7,3314,17,3,0,"black"
584,1.7,1,19,0.4,199,4,4,3996,17,3,1,"white"
1541,1.5,1,5,0.5,109,4,10,1795,4,1,1,"black"
837,2.4,1,51,0.2,104,5,15,594,20,0,0,"white"
935,0.5,1,58,0.1,155,5,12,2473,9,2,1,"white"
665,0.7,0,31,0.1,185,5,2,690,15,0,1,"gray"
680,2.4,0,34,0.4,157,2,17,3845,4,3,1,"gray"
877,1.5,1,17,0.1,195,7,0,2004,9,1,1,"white"
1493,1.5,1,53,0.5,102,5,16,2083,20,2,0,"gray"
1762,0.6,0,26,0.1,83,6,14,2661,4,2,1,"black"
842,1.8,1,57,1,124,3,10,1903,14,1,0,"white"
925,2.1,0,56,0.2,196,1,14,2466,5,2,0,"black"
1692,2.1,0,2,0.9,106,1,17,3779,7,3,1,"gray"
1576,2.2,0,5,0.7,139,3,17,3904,7,3,0,"white"
1065,1.7,1,48,0.3,162,6,8,265,12,0,1,"black"
958,1.6,0,60,0.4,200,1,12,1417,19,0,1,"gray"
623,0.8,0,26,0.3,197,7,12,1769,16,1,1,"white"
897,1.4,1,17,0.4,171,1,2,2948,5,2,0,"black"
1110,1.5,0,41,0.1,152,3,16,2572,16,2,1,"black"
616,2.2,0,21,0.8,150,7,4,3267,19,2,1,"white"
1680,1.2,1,37,0.7,168,4,7,1459,2,1,1,"black"
1715,1.3,0,12,0.3,94,8,6,1633,5,2,1,"white"
983,0.6,1,45,0.1,130,4,11,2052,6,1,1,"black"
720,0.9,1,14,0.8,165,4,14,1086,3,0,1,"gray"
1660,0.6,0,24,0.8,169,2,3,2402,14,2,1,"white"
1564,1.5,1,42,0.7,108,2,2,3376,7,3,0,"white"
592,0.8,1,52,0.9,103,7,10,1507,4,0,0,"black"
969,1.8,1,44,0.6,158,3,7,641,8,0,1,"white"
1356,0.5,1,35,0.8,131,1,19,3451,17,3,0,"black"
504,1,0,14,0.5,189,7,9,1607,10,0,0,"black"
1546,0.5,1,6,0.2,101,1,4,3521,9,3,1,"gray"
689,2.9,1,7,0.8,147,2,6,1241,16,0,1,"gray"
1685,0.6,0,16,0.6,137,7,15,881,17,0,0,"gray"
1792,1,0,62,0.3,170,7,8,2563,15,3,1,"gray"
1786,1.2,0,61,0.1,123,3,14,3033,17,3,0,"black"
1944,0.6,1,59,0.2,132,7,10,769,3,0,1,"gray"
1077,2.5,0,49,0.6,131,4,14,3454,2,3,1,"gray"
648,1.8,0,60,0.1,195,4,4,819,4,0,1,"black"
1702,0.5,1,2,0.6,185,6,19,435,3,0,0,"white"
1571,2.9,0,30,0.9,150,7,3,586,4,0,0,"black"
856,1.1,1,19,0.7,125,6,19,650,10,0,1,"black"
1786,2.6,0,14,1,115,4,15,3038,14,3,0,"white"
914,0.7,0,60,0.9,198,5,4,3736,5,3,1,"gray"
1615,2.8,0,9,0.9,117,1,13,2948,3,2,0,"gray"
649,1.4,0,19,0.8,190,7,12,739,2,0,1,"black"
1646,2.5,0,25,0.6,200,2,5,686,11,0,1,"black"
1189,1.9,0,7,0.5,164,2,20,841,11,0,0,"gray"
1043,2.7,0,29,0.2,83,8,17,1183,8,0,0,"black"
1920,0.6,1,19,0.5,131,3,8,3943,4,3,1,"gray"
1220,2.8,0,54,0.7,109,7,20,1037,15,0,0,"white"
1748,0.5,1,53,0.5,114,4,20,2633,9,2,1,"gray"
907,2.6,1,44,0.2,160,3,12,3911,8,3,0,"black"
1193,2.3,0,20,1,158,7,13,1958,2,2,0,"black"
1766,0.5,1,22,0.8,122,8,4,3297,16,3,1,"gray"
1278,1,0,24,0.8,170,3,16,3141,11,3,1,"white"
1234,1.7,1,17,0.9,174,6,15,3351,19,2,0,"white"
1961,1.5,0,55,0.5,100,7,20,2355,6,3,0,"white"
1745,2.9,0,3,0.9,105,3,0,1308,2,1,1,"black"
1442,0.6,1,27,0.4,127,5,8,991,7,0,0,"white"
1083,2.9,1,39,1,173,8,2,3248,6,2,1,"white"
868,0.9,0,5,0.4,137,4,7,1519,2,0,0,"gray"
864,1.6,1,53,0.3,88,6,1,493,10,0,1,"gray"
1142,1.2,0,2,0.6,114,6,0,1747,14,1,0,"white"
608,0.5,1,64,0.9,94,4,0,2517,7,1,0,"white"
983,1.8,0,53,0.9,187,1,4,1389,8,1,1,"gray"
1720,1.6,0,2,0.8,188,5,20,2522,2,2,1,"gray"
1802,1.2,1,27,0.5,116,5,16,1885,7,2,0,"gray"
591,2.1,1,16,0.5,196,7,20,704,4,0,1,"black"
1205,2.7,0,10,0.1,163,6,10,953,20,0,0,"black"
1369,1.7,1,28,0.6,108,1,18,3206,4,3,0,"black"
713,0.9,1,42,0.1,94,1,14,928,9,0,0,"black"
1082,2.3,1,2,1,101,4,20,2177,17,1,0,"black"
1719,2.1,1,52,0.1,187,3,1,2610,11,2,0,"gray"
1544,2.4,0,12,0.1,186,7,20,489,2,0,1,"gray"
1090,2.3,0,8,0.6,128,8,8,3839,11,3,1,"black"
1991,2.8,0,15,0.1,181,1,13,1861,17,1,1,"gray"
1367,2.9,0,56,0.8,176,2,6,299,10,0,0,"white"
1179,0.5,0,32,0.3,182,2,12,340,16,0,1,"white"
721,2.7,1,15,0.2,102,5,18,3606,5,3,1,"gray"
1549,1.8,1,62,0.7,91,4,4,799,9,0,0,"gray"
1349,2.1,1,46,0.9,134,6,12,2367,10,1,0,"white"
1799,1,0,30,0.6,123,3,9,445,10,0,1,"gray"
1075,0.5,1,11,0.2,122,1,16,3927,7,3,0,"black"
684,0.9,1,63,1,157,5,9,3756,12,3,1,"black"
1837,0.5,0,36,0.9,162,4,20,770,15,0,0,"black"
1619,1.9,0,21,0.4,138,1,9,1641,13,1,1,"black"
965,1.4,0,13,0.9,197,8,2,2343,15,2,0,"white"
730,1.5,0,9,0.7,122,4,15,2787,7,2,0,"gray"
1361,1.4,0,47,1,169,5,2,2495,16,2,0,"gray"
1494,1.6,0,45,0.8,158,5,4,3208,4,3,1,"white"
1027,0.8,0,18,1,146,7,11,1234,14,0,0,"gray"
1807,0.8,1,38,0.2,97,8,0,1069,7,1,1,"white"
709,2.4,1,11,0.1,130,5,11,3568,3,3,0,"gray"
689,1.4,0,45,0.5,103,5,11,3585,10,3,0,"gray"
955,0.5,0,2,0.6,155,4,10,1974,18,1,0,"black"
1872,1.9,0,35,0.6,111,3,14,2419,19,3,0,"white"
1259,1.2,1,13,0.5,97,2,0,340,4,0,0,"black"
695,1.2,0,41,0.4,169,8,8,2282,17,1,1,"gray"
1969,1.2,1,63,0.2,132,4,11,298,10,0,0,"white"
759,2.5,0,39,0.3,162,2,8,968,2,0,1,"black"
936,1,0,18,0.2,153,3,18,2391,3,2,0,"gray"
1176,2.1,0,62,0.5,168,2,10,1534,17,1,1,"white"
1802,2.7,1,10,0.6,101,7,9,696,3,0,1,"black"
772,1,1,23,0.6,97,7,11,2782,17,2,1,"black"
1318,2.4,0,45,0.1,136,2,7,755,9,0,1,"black"
591,0.5,1,16,0.9,90,6,17,3746,5,3,1,"white"
569,2.5,1,41,0.3,124,1,1,2651,4,1,0,"black"
764,1,1,45,0.5,124,8,11,1341,12,0,1,"black"
1056,2.1,1,37,0.7,101,3,11,2651,3,2,1,"black"
1982,1.6,0,12,0.2,80,5,20,1824,14,1,1,"white"
1830,0.5,0,14,0.8,160,6,6,1905,19,2,0,"white"
1122,0.5,0,40,0.3,156,7,14,1456,20,1,1,"black"
1023,0.7,0,63,0.7,153,7,8,3155,7,3,1,"black"
1283,2.4,1,33,1,93,3,15,773,2,0,1,"black"
1602,1.6,1,35,0.1,99,7,7,1829,13,2,1,"white"
732,1.3,0,32,0.4,163,8,7,3883,5,3,1,"gray"
1854,0.9,1,33,0.4,195,1,0,1675,9,1,1,"black"
718,1.6,1,30,0.4,93,3,12,1601,12,1,1,"gray"
897,2,0,2,0.6,154,8,10,1958,7,1,1,"black"
1405,1.7,0,8,0.3,107,4,7,2376,11,2,0,"gray"
798,0.6,1,21,0.5,110,2,12,1647,3,1,1,"black"
1035,2.7,0,40,0.2,157,5,15,3548,5,3,0,"black"
1396,0.6,0,37,0.7,134,4,15,2694,19,2,0,"white"
1749,0.5,1,49,0.8,178,1,8,2195,4,2,1,"gray"
1588,2.5,0,4,0.3,148,5,20,2506,11,2,1,"black"
1600,0.5,0,16,0.3,94,4,16,2073,4,2,1,"black"
1522,2.2,0,21,0.7,162,6,11,3767,16,3,0,"black"
1279,2.5,0,7,0.5,105,6,6,1150,7,1,1,"white"
719,2.9,0,6,0.7,102,6,8,841,2,0,0,"black"
544,0.5,1,7,0.2,129,5,15,1675,17,0,1,"white"
1007,2.9,1,21,0.8,185,8,12,1301,12,0,1,"black"
590,1.2,1,32,0.4,141,6,1,1817,6,0,0,"black"
1788,0.5,0,6,0.2,141,6,16,2321,20,2,1,"white"
748,1.4,0,25,1,110,7,14,1974,13,1,0,"white"
757,0.9,1,64,0.5,157,7,5,3433,10,2,0,"white"
1561,1.6,1,27,0.8,174,3,10,1205,3,1,1,"gray"
1327,2.8,0,23,0.5,89,7,16,872,4,0,0,"black"
797,1.5,1,18,0.6,81,8,20,2052,14,1,0,"white"
727,2.5,1,64,0.2,193,1,9,3654,16,3,1,"gray"
686,2.7,1,36,0.1,194,4,1,1503,13,0,0,"black"
1515,2.1,1,24,0.9,176,5,6,3104,20,3,1,"gray"
555,0.5,1,17,0.2,163,5,12,343,3,0,0,"black"
1589,0.6,0,5,0.8,112,5,2,3430,19,3,0,"gray"
1976,2.6,1,45,1,136,4,19,2470,3,3,0,"white"
1884,1,1,24,0.5,149,6,4,1396,9,1,0,"white"
1063,2,0,27,0.2,86,6,7,2668,19,2,0,"black"
672,0.6,1,61,0.1,194,5,20,1457,20,0,0,"gray"
635,0.5,0,16,1,110,7,17,2452,8,2,0,"black"
1906,1.9,1,55,0.2,113,3,4,1871,4,1,0,"black"
1753,0.7,0,40,0.6,191,4,11,1112,15,1,0,"black"
659,1.4,1,3,0.1,85,8,6,967,14,0,1,"black"
1583,1.2,1,14,0.2,148,2,4,2498,8,2,0,"black"
1783,2.9,1,42,0.7,104,6,8,387,3,1,0,"white"
1667,1,1,21,0.9,138,2,0,635,15,0,1,"black"
640,1.3,1,6,0.6,143,8,20,2711,8,2,1,"black"
1913,1.8,0,29,0.6,111,5,4,2023,8,2,0,"white"
538,1.1,1,25,0.3,163,7,7,2215,17,1,1,"black"
1191,0.8,0,46,0.8,89,6,9,824,7,0,1,"black"
816,3,1,9,0.1,117,1,3,3851,14,3,0,"black"
915,0.5,1,33,0.3,199,2,16,2156,13,1,1,"gray"
1157,0.8,0,27,0.1,88,8,8,2885,2,3,0,"gray"
1201,0.5,0,10,1,99,7,7,495,14,0,0,"black"
1379,1.1,1,18,0.2,129,2,16,2358,15,2,1,"white"
1483,2.2,0,53,0.7,169,5,11,1744,10,1,1,"white"
1614,1.2,0,9,0.1,161,3,2,1832,11,1,1,"black"
930,1,1,4,0.9,144,8,10,2016,16,1,1,"black"
1454,2.6,0,6,0.4,199,3,20,1300,2,1,0,"black"
1784,1.6,0,41,0.4,164,6,20,2313,11,2,0,"gray"
1262,1.8,1,34,0.1,149,5,16,3248,4,2,0,"gray"
797,2.2,1,37,0.9,144,7,2,2216,6,1,0,"black"
1829,2.1,0,59,0.1,91,5,15,3142,5,3,0,"gray"
1139,0.9,1,58,0.5,161,2,11,1850,8,1,1,"white"
618,1,0,13,0.1,80,4,15,1424,7,0,1,"white"
1547,2.9,0,57,0.4,114,1,3,1620,19,1,0,"black"
586,2.8,0,15,0.2,83,3,11,2592,3,1,0,"white"
1617,2.4,0,36,0.8,85,1,9,296,7,0,1,"white"
1882,2,0,44,0.8,113,8,19,3579,20,3,1,"black"
674,2.9,1,21,0.2,198,3,4,1180,4,0,0,"white"
1467,0.5,0,18,0.6,122,5,0,3962,5,3,0,"black"
858,2.2,0,50,0.1,84,1,2,3978,3,3,0,"black"
794,0.5,1,2,0.8,106,6,14,668,19,0,1,"white"
1965,2.6,1,39,0.2,187,4,3,2032,16,2,0,"gray"
1911,0.9,1,36,0.7,108,8,3,3057,5,3,1,"black"
1512,0.9,0,46,0.1,145,5,5,869,19,0,1,"gray"
510,2,1,45,0.9,168,6,16,3919,2,3,1,"black"
